USE Trucu;

-- Rol
INSERT INTO Rol (name, description) VALUES 
('User', 'Normal user'),
('Admin', 'Administrator');

-- Account
INSERT INTO Account (email, name, lastName, birthDate, password, rolName) VALUES
('nicopuig@correo.ucu.edu.uy', 'Nicolas', 'Puig', '2001-02-14', 'nicopuig', 'User'),
('sebamazzey@correo.ucu.edu.uy', 'Sebastian', 'Mazzey', '2000-06-25', 'sebamazzey', 'User'),
('mateomachado@correo.ucu.edu.uy', 'Mateo', 'Machado', '2000-10-16', 'mateomacha', 'User'),
('rickyfort@ucu.edu.uy', 'Ricardo', 'Fort', '1985-01-01', 'maeame', 'Admin');

INSERT INTO Publication(title,description,ucuCoinValue,publicationDate,status,accountEmail)
VALUES
('Reloj casio aw 90h', 'reloj con poco uso', 1500, '2021-11-14 17:07:44.980', 'OPEN', 'sebamazzey@correo.ucu.edu.uy'),
('Monitor Samsung 24 curvo', 'monitor curvo con 1 año de uso', 2300, '2021-11-14 17:11:54.787', 'OPEN' ,'sebamazzey@correo.ucu.edu.uy'),
('Caminador Treadmill', 'caminador con muy poco uso y en excelente estado', 3900, '2021-11-14 17:14:21.343', 'SETTLING', 'sebamazzey@correo.ucu.edu.uy'),
('Vino Faisan 5 litros', 'Vino faisan 5 litros para disfrutar con amigos!', 400, '2021-11-14 17:15:20.073', 'OPEN', 'sebamazzey@correo.ucu.edu.uy'),
('Lampara de pie', 'Lampara de pie casi nueva', 1400, '2021-11-14 17:17:06.837', 'OPEN', 'mateomachado@correo.ucu.edu.uy'),
('Sillon de tela azul astrid', 'Sillón algo gastado con 1 año de uso', 2300, '2021-11-14 17:18:28.430', 'OPEN', 'mateomachado@correo.ucu.edu.uy'),
('Pelota jabulani firmada por messi', 'Pelota Jabulani original firmada por Lionel Messi', 6000, '2021-11-14 17:20:58.413', 'OPEN', 'mateomachado@correo.ucu.edu.uy'),
('Tesla Truck', '4000 km, 5 meses de uso y como nuevo', 500000, '2021-11-14 17:23:24.400', 'OPEN', 'nicopuig@correo.ucu.edu.uy'),
('Ford Ranger', '150 000 km 2 años de uso Muy bien cuidada', 280000, '2021-11-14 17:25:18.440', 'OPEN', 'nicopuig@correo.ucu.edu.uy'),
('Pitbull Cachorro original', 'Cría de pitbull autentica hembra', 35000, '2021-11-14 17:27:14.163', 'OPEN', 'nicopuig@correo.ucu.edu.uy'),
('Colchon 2 plazas', 'Colchon de 2 plazas blanco con 3 meses de uso', 5400, '2021-11-14 17:28:43.940', 'OPEN', 'nicopuig@correo.ucu.edu.uy')

INSERT INTO Offer(status,offerDate,idPublication)
VALUES
('SETTLING', '2021-11-14 17:19:07.687', 3),
('OPEN', '2021-11-14 17:19:31.123', 2),
('OPEN', '2021-11-14 17:28:52.150', 3)

INSERT INTO OfferedPublications (idOffer,idPublication)
VALUES (1,5), (1,6), (2,6), (3,11)

INSERT INTO Reason (description) VALUES ('Publicacion ofensiva'), ('Contenido ilegal'), ('Spam');

INSERT INTO Report (status,idReason,idPublication)
VALUES ('OPEN',2,4), ('OPEN',2,4), ('OPEN',3,4), ('OPEN',3,7), ('OPEN',3,7)

INSERT INTO Image (idPublication,imageBytes)
VALUES
(1,'data:image/png;base64,/9j/4AAQSkZJRgABAQAAAQABAAD/2wCEAAoHCBUVFRgWFhUYGBgYGhgYGRgaGhgYGhoaGBgZGhocGBocIS4lHB4rHxgYJjgmKy8xNTU1GiQ7QDs0Py40NTEBDAwMEA8QHhISHjQrISs0NDQ0NDQ0NDQ0NDQ0NDQ0NDQ0NDQ0NDQ0NDQ0NDQ0NDQ0NDQ0NDQ0NDQ0NDQ0NDQ0NP/AABEIAKgBLAMBIgACEQEDEQH/xAAcAAABBQEBAQAAAAAAAAAAAAAFAAMEBgcCAQj/xABBEAACAQIEBAMFBwEFBwUAAAABAgADEQQSITEFQVFhBhMiMnGBkaEHFEJSsdHwwWJyksLhFSNTgqKy8UNjk7PS/8QAGQEAAwEBAQAAAAAAAAAAAAAAAAECAwQF/8QAJBEBAQACAgMAAgIDAQAAAAAAAAECEQMhEjFBBFETYSIyQhT/2gAMAwEAAhEDEQA/ANinlp7FGoooooAp7ODUA3InHnr1/WLcGqeijXnL1i89YtweN/R2KMnELF95WLyg8b+j08IvGvvCz3z16w3B45fpxUoDmLyJicL+K+3KTjiF6xpqqnmflLx5JPpeNvx7gmBW9teskyOMQo2/Se/el6n5SMssbT8b+j8ar10RSzsFUbsxAA+JgHxN4rpYRAbZ3b2U2/5mPIfrMe434krYhiXcnoNlHZRsITv0VljUuLeP8PTutO9Q9dl+uplG4l4veo2ZUVelpS6mMUbtr0Gsa/2kBsvzNvoI9BZ8TxmvV0Z2IGwvoPdGAjtuTK6eKPyIHuH73jf+0av52+Bt+kfQWpMA55x1+HOCB1H6HX/uEp/32p+d/wDG37wx4e4+yVqYckrdlJLM189rXzE2sQNraE3vpKlhCr4F11AOmsq3FEKupJuCwdCdx6hmX4ftNjwfEaDrZ1F5SfHHCFQ+ZSsabHOvPy3HXt/OULjPhSjnh/FNkyljlzFlHQsAD+kslHETO/DuOJRQx1tr7+ctuGxOm84su8q9PjkmMixYfFWP/mFadYNzlSTEG+kK4fFEd/58YSLyw8hsMV1WT6FYML8+Y6QRRrZuck0amU3lS6cvLx+U/sTnhjdLEK2mx6ftHZe5XHljZdVyROSJ2Z4Y0uCJ5lnpMHYji1NTYnWAF5w1VRuZCeqTzjJqCXc3Vjw79plTF9B8TIr1mO5MYetGvNvM7la6MeKT4lK8982D6+Iygxg4vvF5NJxbFjXtG3xH1gpsd3nlTHXsQLW+UJTnHIJvibWnn3m8BvjdSdAOmpjS4wnnaC5xY6WM1+888/vAZx4sBe++usb+/n3e+BfxxYPP7ztcSq95Wmx3eNVeI257xei/jxqzHEiRsXxJUVnZrKoJJ7AXgBuI95UfGnGCUFIH29W/ujYfE/pHJ5XSc/HHG0C41xh8TVeo/wCI+kflUbAfzrAFeqx56dBHXewkc2vN9amnnW7MmF8BwLE1R6aTW6sMo1V2Gp5EI9j1FpNajQw9S1MjEunmIylD5bZlZVZtdLXOik3sCGHIhRwWNrn11GRG/CpK6Wta+5668yTzgQRh+DKUV3rLTVlVwzK2WzNlADC920JIA00vubSG4XhQQBilY/isUT/h6gsQugdzYE38thvsWbwolPKWVnvfooFiAbk+/wCkPJ4Lo/8ADvr22uNYBSx4fRwpTEq4NgQi5mU+gEsubRAXJLcgt9zaV5WysDYMAeRsCAeR5X6zU6/gqgQf93ttoLnTqLHnAOO8DEMwpvcqASrDre2o90YRsDxZXtkck/kayvz5bPt+E3P5RClPGh1KP6lbQj+bGU/H8KqUWy1EI6HdT7jO6GOcEEtc7XOtwOTHn+oj2WkiqrYWrY6o2qtylt4fjQwBvAPmpiKZRxY/VTyI6gyBwnFtSc0XOo9k9RymPLh9jr4eX/mtHw1eTqdeV3BYm/OEUcmYOyLLg8RCFGveVmhVtbWEsNiYtlcdjy6yTRxJGjajr+8F0K/OOmrDysY58Xl1RoG+0TQXRxBXbbpCKVAwBE0xy24uTjuFM4zNkbLvbSZ7iq9UOwKm95o5lT41jwKpGQHQa2msZC7VJHqVPhEzjlr7oy5uNpnXsY4u3qi0YapGqzAc5EeqBzi01kkeY+qbG0G/fCOcdxFYG8rlfE2uL7RaK2DjY2eHF95Wzj+84GPhtCyPiJycYIAbiMZ++Q8hurH9+jL47vALYrvGWxfeGz2Pvju8h1+Id4HqYzvINXFEw9iVaTjrC5O0pXEcUajs55nT3cpIxOMJXLff9IKd7/0m3Hjrtxfk57vjHLGEOFcIeu2gOXmZ1wXhbV3A/CNWPaazwbgyU1AyiwsQRv8AGaOYD8NcDpgaLsdSw1I11HTUS3YbAKtrDba/x/eD+K4FqLjFUhcoLVUH46fMgdRv8O0tGAKVEV0N1cAg/wA5xBSvG+FOWm3aqPmmb/LLVhKOZEbqqn5gGPcZ4QlZBnzWQlwFNr+llIJttYmT6GECKqL7KgKL66AWERBWNZaSO7eygLH4coP8P4VvJz1RmaqS5BuQobZR0FuXeG+LcHFdAjMVXOrMAB6gpvlPb9pIajblAAnEODU6yMrKDcWCnb39R7+0zninhgYStnZc9HYk+ry834iLeqwva+l7Eg7HV8U6opd2CqupJ0AleOIfFqwVMlG4s7DWpyb022t87a9qlJlvFeGNQKuhuhsVbW3qu2XXVly5btYam1gQRBnEG8xFqLoy/MW3Bl24phWwzGgqM9OoXelcLrZCHR8wvayqRb1emwtmMpuOwzUKpRiGB9LEeySNLi/Q3U9x2jpjHAuIhlBvrsffLRh64P8AP9JmWBrmjVy/hJlxwuM2nLnj416HDn5YrOlTX+fz6yfh6lucr1HFXhLDVyf9dfpIbLNRfn+0lpUvA+GxRJ1A5DTQaczYSdTqC/8ArFYWxVdhHqdbKf6SFRrjY7fzeSso/MDJ7jDPGXqpxYMNDINTDi+qgnrPUbKbiSRX7TbDln1x58Vl6V1q+m+kiVMZa4g5sT1Mg4jFdI3r7EK2K7yDVxcHVsZ3g+rjItj2n18Z3gHG1vUTfeOvWvB2Na+vSKdprnzpyK0jk85yH198ek+SX5s9FWR808BhobSDVjZqTgTrL2gNuXaMOZJyHpGOK0lSmnq9TlrqOSrYXPck/SPGbrPPLxm6hu/10nlJCxAHPSO4Gh5lVEBAzMFudhc63luwmApvjbIgREAZhcH1MAbG2gtcCwvudZ0SOC3d2sHhLAJTAS4D2Ba43vsAevb3y/4TB7aQbg/DdKqlqiK19bi6m+tjcHfUyfgeA16Dr5WJZqVxmp1RnIXnkfcG20CqXUwvIaGerikp0/ZC5SiZBZQMzhAegW7DXlCFamCdwDykevRJ1XR1279jESFV4gz2VKWdSrB2Ul1BOZVswHqF11tqAZH+8YkgZsib31VWNjSPoD3sbGruOnvk+hQ8xSGqPvZluQQLMtrk88zXPW1rWEkYbAplvYktctcnUnNfb++3zgRcPosEGdsxJYg3B9JYlASALkKQL25R5qMfAtPYBWeI+HRWrB6rs6KBko7IG5s1va+P6R2tRtpbSH2W8h4mjpAKH4r4d5tFlF849dPS+V01HLntrprM24qz4mi1Qq5K+rMVC01BIVkQ3u5X0dLCntuTsHEq6D0+YgY7DMt/gL3My6nhU8zF07JqRkZku16obKA11YAWOm25NgDdw1KxYzKG5jf384U4RjLixOo0MgZdGU73Nx0PP6yHg6pRvoZGeO404c/HJfMNW7wvhsTYbfz3c5VsFiL2hfC4j+ftOavRmW1lw77X+uv0hSjVOw/oPnK5SxNu0IYZ76wHtYKbHqPgQZKp1TBWGbtJ9JweUm9i9iuHcdZIDiDqDCTQ7dBM2OWLJ8RxCQXxxMHPUJ5zg1J0ujaXUxEZdzGGqTkuYaLyOl4w5vpOGaJLk2GpgVRrEG0lYbhz1PYRmPYEy7eGPAFXEFXrDy6e+vtMOw/qZrHC+EUcMmWkgUc+ZJ7ky5ja58+bHHqd18+JwWsfwP8A4TJdHwziW2oub/2W/afQVaqqDMxAEH0uMKzWsQOsfh/bP/0ZfIxyh4LxjbUG+It+sMYX7OcS3tZE97D/AC3mwAxQ8Im/kZs4wn2ZKPbrfBVv9TKL9p3hdcFWosjMyVFbU20dCLjTsyz6BmPfbq3rwY5Za5+tKVMZL0zy5MsvdUPwoafnXquqJlcElwntKVsDbox0BB7iXXwDRNV6lSwJeofdlB05HlaZeh0mufZq2SgjBC2epl0J026A/XSaJjVsLRCKBH5WxxHiD+xg6dMdatUN81QXhbh4r5B57U89zfyw2W3IDNrfeJJrinDmqEMr5SBa3IwU6YiluCQOan/K1x9RLJ5fVmPxt/22nhorzUH3+r9YtHtWaHFizA3UOOViCR3HP4SdwrjgewZGXNnsCLG6sLg3OntfSS+JYBXQ5RZhqLC0CYDAVW8xS5Nm9JY2YXAOh+MnVno+qtGdjsvzIH6Xi9Z/KPm39ROMHQKIqk3IG/W5vH5aDXlsd3PwCj9QTA/EfCuHruXq+YxIAy52CaADRRttDs9gFUq+GMLS1SggI2Jux+bEzHvHDvRxTKjFM9NMwRmFxmbQkWvqs+gsYlxPnj7S3H31gL+lEGt73uzfi1/EIHFYpt6j7h+pjnAKStjKCOLo9amjj+yzqrfGxMjUTqfcP6yTwEXxlC3/ABqP/wBiRX0a0eJfD9TAVzTa5RrtTfky3+jDmJHoYi03vxJwKljaJpVBbmjD2kbkR/UcxMG4nwurhqjUqi5WQ27EcmU8wesxyx326uLl31RfBNmteG6L2+ErGAq2A1hahiP4ZlXRsepVief9YTw+O2A05e+V1a1uckYfEG4sYtKna1o4Gt9enP49I/5/8vK/QxR3vqfjJvm94UMeLzgvIv3kdZ41aajcSc89DyA2JHviR2MNDcEKKZ2A2HMzSfC2N4bhlBKO1Tm7qp1/si+kzOirSdSBhLpGePlNNrHjnB6ephf+z/rH38ZYMf8AqE6XsFb5bbzF0zSQlNjyledYfwYtK4j4zwdRcp8zsco/eCMNxynm0cgXvdh9NJVEwjNplkyjwhjyMJlVfwYtQ4Zx5HFiQe4hqnUVhdSDMjw3Dqi6qSD2MOcPxOJp87yplL7Z5cF+NDmQ/btSN8I/L/fr8T5bD9DL9guOts6EdxKj9spStgUdGBalWRiOeV1ZD9Svyj62xuGU9xiinT5zcPsgrA4Q+rLlqEHbnYgaiYaDv85p32J8Wy16uHJF3QOgJ/Em4+R+k0hNunk5TuQTztp9OUBvx/PXWhh080qw86pe1Okt9Rm/E/YRJHop7PIEi4zEFR6crNceksF0PPU/KC8TXqm1RWREJuMqmoWAS5DEabK2x2PUQtUwiMbsoJ73t0222A99hFTpqjWVQoIvYAAXBsTp2YfKAM8NxoqLYFiVABYrlzHYsB0JEnRRQBSscS4pj8PUZvuy4jD3uvlMRWVbfiRvbN76D5yzxQCs4PxfhMQrBavluouyVQUZNQPUDoQCyjQ8588eLuImtjcRUBBBqFQRsQlkBHYhQfjN5+0vFUcPhKlZlHmFfLRwFDF29lWO7KCM+Xb0T5qj+BKpNoTDvgDCebxDDL/76N/8Z8w/RDADGy2mn/YrwjNifOI0poze5n9C/wDTnkX0puMr3i/w6uMosAB5qAmm2xuNcpP5Tt23lhikzopdXcfOQBU2IIINiOYI3HaSqdeXT7SfDmVvvVMelyBVA/Cx2f3Hn398oINplnjqu7jz8oNUcR1MfSvAtOqZKSrrM42g5QxREn08VpAFJ5NSsLbiM7WVst2MkU8Lee0R6z74UopNkSItLB9pNpYYSRTpybh8NeSvWkajhb7CFMNw0nlCOBwQG8NUaCiGgFUeEDpJ1LAKNLQmigRmsbXI6xlpzTwoHKTKaCR6dSPKveAS1Kidq4kTXrEX7GI+kupUEqfitjUpPT5MpHx3H1tDz1NNjK5xippDtGTImvz3Ghly4ZxN1ShiKKlqmGYGyLYEg+sPZbWanbXNuQALkk1XiRHmvbS7H9Y7wnG+U3q9h7K4OawUsCWspBJsCO4LDnN5XBZq6fQ5rvjkXyXKYasiualOwcanzEZidCdtBffXQiWDhvD6dBBTpIEVeQ5nqTuT3Mx3wh4uo4GoKbsv3WuxYLck0ST6amXlTcWOXQjewBtNmpVgwDXUhvYINwQRoQedxrpyjTT8GtxZfvIwyqWbIajMLWRb2W/Uk8oA8fcfxGFFFcOEBqlwzsM1sgWwAvbXNz6Sl1ONY98zNiXXfRFRCbd1W/1gWmywHxPHOmIoHzKS0MtQVizopBsPLtmN/a6dJlGISq4BetVcsRcPUcgX7ExmpwtFUNlUG63vqNWAOsBprWI8Y4BN8Sh7Jd/+0GVTxL4swNfyyrYkVKTh6dSlTsw6r67AqehlWOARXS34s2m4Nh9I1j0CsReygITyUAlwbtyGg+Q6xhdT9poJGXB1COZZ0U25kAX17Xl/FZcgb8JAa/Y63mK4VMygBddQAutwDoV5kEa/Gc+PftCbyFwWGfXy0TEVBbQhQGRGG/Rj2sOcRaAftS8VjGYjy6blqFEsFN9Hc2zuLfh0st76X1sbCjU95yI7sIWmew9Iu6qOZ1903rwZwyrh8IrotjVs/fIBZPhb1f8ANMY4Mq00asw0JCj4m3890+pMMQUUrYKVWwGwBAtaRexQbB8as+RzyhpMQrbMIEq8Bs5cG56ToUmBBKa30tEnY1Woq6lWUMrAgqdQQdwZjHjDwy2Eqem5ouTkbcjqjdx15j4zTjiHVtHt2Ma4rWSrSanXTMrDluDyZehELJZqtMM7jWJgxxXkzjfCmoPY6qdUa1rr7uR6iDA0wymndjnudCVNxtePAwYjyZTq6RK2p+Ea7E94Zw7QBQOU2hmg82oxonQMMYO0A0mhDD17SWiy0qlhHRioAGL7xNi+8LRIOHGW5zhuI8ryvvjZFbG3MWz0tNPHgyVT4hKTSxp6yUmPMNlZFxXGd48mMEp9PiJkhMfHsWLS9cSv8XcETwcQuJAxuIvBGlR8S0UupRWDZT5l9RcHQg8tLCBAZbMaoYEcpXsXhbajly7TTHL45eTivuIijp/4l08E/aDWwJCODVw9/YJ9SX3NNjt/dOnulKB5jePhUcfkf/ob/wDJ+k0jnbxxHG0eK0qTYSqlSpTqF2pswp1FRlYEZG6HL2NjrOk8JVmDAlFsLNdjpcX5A8jefP6VGRgVJVlNwykgg9QR/SaD4b8VcW8lnSutWmpKMtezHQJf16MfSxYktoqMeWrJpKeBSVUPWHpyn0qT7PckScngqhlCszsBbQZV9k3HInkJSqP2i8RBGfB0CwAFhVCH1rnF1Lkj0ox7ZWBtY2gcU8f42qiqcJRVXqKqN5mb1szqBdWuASji+nsnWAahT8M4UEXTMdxmY35AkWI6j5yBxviHDsEmaqKKG9gjKGqMA1jlXVjzsdttRMxxPF+JlEV8SKCAikooJlYKRTJYk2cD1KNLm4NwALyuYk0KWYtUL4gXYOxZ3D6lQVZMuxQNm1BL81AgBTxj9o9XEhqWGU4fDsACAbO419orooN9VG9tSZn8k43EeZUd7WzMzWvmtc3tc7yMIth2NJ1TUsQo5m0bJhPgFDNUvyUX+PKIxTiVNVpZDsiaf3+X87z6E8F4vzcDhn5mkgPvUZT+k+euIKWWpca2vNn+xzFZ+GoDujunwzXH6ycp6Jep4Z7FFukYrYRG3EH1eEaHKYXij2WgHG8BStSZKq309LDRlPIr3mP8d4HUwzlHWwOqtbRh1H7cpv0F8d4PTxVM03HdW5q3Uf1ELMco0wzuN/pgKmd+ZCPHeDVMNUNNxa2qn8LDkR1gu0wyx1XdjlLADF0iGuNo/g8RJtamCIKqUyhuJUqvQutWPLWg3D1wRH1aC5U77wYvvMh5oi0Wj2kNWjXmazgNOTHIVrvPYyRSqgyFmnoaGk7T8/ediuZBVzHVaLSpUxcQYjVPOMZZwxMD26qsDIdWnHC8ado4iwExlHK2mxkcmF8QoYEQQ6kG01xy3HHy4eN29ZtI7QxTJ7LMu+xI3Fjcc7jQ9RGVewIsDfmb6e6cXlMRVeN4gMH81mYWszWY6BwLlgb6VX3/ADe6WCkq1KVNnxRUFS4XPTULUFS+ZFK7L5tQkA5m1GlpSSZ6DHsLL4gfDinajXqOWcsQXYjIwb0sPZurqzX5isOYMrRM8JigRRRRRB7LB4f9KO3UgfKV6HcG2Wkg63P1iy9L45vKRYaaJWsjNlzWUvb2QTqe9ptfg7w0nD6Hko7OCxcs1tSbbAbCwEwbCVNptnhPjwbC084b0DIW39k2H0tMsb3qtfyMJNWLZFI+HxqP7LAnpzkiaacxRRRRAoooogEeIuBpi6ZRtGFyjc1P7HnMX4jwd6VRqbqQymx/07TfozUwyMbsik9SNYdX2vDksfNIe4jFVLxqi8krIeloKq0ypuI5SxYGh0k2rSg6vQjiLudxOXFL1E9+8L1EGJTjy0I9QTK1KONUc402O6LEMLPRhYDsy2JY8gJz5r9ZMFCePSEZGKeKYb6yVTx45i0aFGeNQipzYgmJQ/iEdBEEGjPArDYkfGLQ3RR1jLoZCFdx+L5z374/MAw0PI46GQsTRuL8xJJxnVfrOUrZtlY+4Xjx6RnPKaCYrSdX4e97hGse20ZOBqfkb5TTcclxs+IsUeNBhup+RnPlH8p+RhsvGm4p0UI3BnMaSiiigChmkfSo6CCFEKUjonut8pN9NeLrIVwp2mv+DEqrhFul6bF2772Nv8MyThtHMRPobw5k+60Qnsimo+IFmv3uDM8fbX8jL/GQK4fgKTXC50c6310k00q9EWVw9zs3IdoYFMDYCM1MIrNmJN/fNpJ9cVt+INPjFhd0ZbmwtreFVa4B6yDnysFylgNjbY++EIXHQl2UUUUgFFFOYg+U6Zkym0UUl68OkXjdWkLRRRFUIpreSESexRlDqxRRQMiY24iihCcCdCexRk8tPCsUUA8WizGyqWJ2ABJ+QhjA+Ea72LAIv9rVv8Iiiio0sOE8E0V9q7nvt8hDmF4JTTRUUfARRRxfjEhuGId1Hykd+E0/yiKKCZjEd+CIfwCRqnh2n+URRR6TQzF+H06QBj+BqPwi/wAoopnl16ZZBlfgI1ytr9IMxHDnTcXHURRSplUXCaMIITwKgpr+Fr/AxRTW+meH+0HcFV1AGg/X3zbvATk4Nb8ma3uvf9SYoplj7b/kf6rJFFFNI4XlhPYooU4UUUURFFFFAP/Z'),
(1,'data:image/png;base64,/9j/4AAQSkZJRgABAQAAAQABAAD/2wCEAAoHCBISExcTFBQXFxcXFxwYGhobGxoYIBoXGhgaHB0YFxsbICwkGyApIBsbJTYlKS4wMzMzGiQ5PjkyPSwyMzABCwsLEA4QFxIRFzAcFyAyMDIyMDAwMjIwMDAwMjAwMjIwMDAwMjAwMTA4MjM+MjAyMjAwPjA4MD0wMjIyMDAyMP/AABEIAOEA4QMBIgACEQEDEQH/xAAcAAEAAQUBAQAAAAAAAAAAAAAABQEDBAYHCAL/xABHEAACAQIEAwUEBwUFBQkAAAABAgMAEQQSITEFQVEGEyJhcQcygZEUI0JSobHBYnKC0fAzU2OSoiRDsrPhFTQ1RHODwsPS/8QAFgEBAQEAAAAAAAAAAAAAAAAAAAEC/8QAGhEBAQEBAQEBAAAAAAAAAAAAAAERAjFBIf/aAAwDAQACEQMRAD8A7NSlUNAqtKUFKrSlApSlApSlAqlVpQKUqlBWlKUFKVQm1c17Ze0hIs0ODKvJqGl3ROoT77eew89qDZu1fa/DcOT6w55SPBEvvN5nkq+Z/GuZQ+17GibNJFEYucahgQvUSEm7eosegrScXM8jtJI7O7G7MxJJJ6k1jGLr8v50R6K4N254di8ipOqyPtG90YH7pvpfpY68q2evJTrW+9j/AGmYjCZYsTeaEWAa95EHkT748jr50V3mlRvBuMYfGRiWCRZFO9twejLup8jUjQVpVKUFaUpQKUpQUqtKUClKUClKUClKUCqVWlAqlVpQKpVapQVrA4pxOHCxNNM6xou7HryAG7E8gNTWt9q+3mHwV40HfTj7Cnwof8Rh7voLn865D2g47icfIJJ20W+RF0RAfujr1Y6/lQTvbHt3Njc0UWaLD6i17PIOshGyn7g+N9hpZ/r+Qr7b8elFTmd/60FEWwnM7/lRlq9aqFaDGZKsulZrLVspQOE8VxGDkEsEjRuN7bMOjLsw9a7F2S9qOHxGWLFgQSnQPf6tj6n3D5HTzrjDJVh46D1mpB1HOvuvN/ZTt1jOHFUDd7CP9050A/w23Q+W3lXbOy/bDCcRX6p8sgF2ibR16m32h5iitjqtKUClKUFKrVKrQKUpQKUpQKUpQKUpQKVZnnRFLuyqoFyzEAAdSTtWkca7fqLpg071tjI1xGvmo0L/AIDzNBt/FOKQ4WMyTSKijmeZ6KN2PkK5f2m7d4jEho8MGhiNwX2kceX3B6a+YqDx+IeeTvJnaWTq2yjoijRR6VjWvQRZwtuVW3iOw3/LzNSM0iqOfwVnt5kKDb42GlfOHeNx4CD16j1B1HxoMBYbfzqpjFSTQirDw2omI5ktVKzHSrLx0FgiqFa+yKUFgrVtkrJIr4ewFzQYUy2Hmdh1r74PxKfBzLPC+WRdjYEWO6kHcEV9qlzmPw8h0q20eZsu2l2PJV6k8qDu3YHt6vEiYnjMcyLmNtUYAgEqd1Oo8J67mt6rlfse4bGO9nS5AUIDa2reJgPgF+ddUopSlKBSlKBSlKBSlKD4dgouTYDc1ETcehRBMXTuCSDLmGUEEqb/AMWn6VFdveIJDGmdldXLK8B3lRhYkcxl67a9bVydVJTugWKhiwQsSAxFsx5XsAL25UHSYvapw1pTH9cADYP3ZKt5gA5gPUCnFfaEuqYSIyn+8cFEHovvN+Fc5gwMcerAM3T+dMRjPCGuqJyYnKpt92wu38IPnagkOKcRmxDZsTK0pBuEHhjU+SjT47+dYEuJ0toF6bCojEcYjGi5pPM/Vr8gS3+oVgvxaQk5QiX+6ov82uamia+mR/eX5g19GS6lswVQLl2uAPQbuf2V36jetdbiM3943zt+VYU07t7zE+pJpozuI8TaTwJdYwSQL6sTa7uRuxt6AWA0FYC41153ttfl+6RqPhUjwfhC4iOZjKqOiHu47jNI6jMQATsALeZYW2NfGI7O4gd8yqzRwyCIsQVLOXCAIp3N2XToRQZOB47ewc6/tWHybY/G3rUzFiFfb4g6H5VpeNwMkD5JUZGtex5jqDsRvqOlfWGxzpYbgbAki37p3H5eVBuTqDVhltWLgeJq43vbfqP3lHL9oadbVnmxFUYrAGrLpasl0tVtjRFgisf3j5DbzPWr02pyjnqfJf5n+dUItQW3YKL/AIdT0qPxkpB7oakkFyObfcHkPz9KvzYjKDJ0OVB1fm38I/E1sXsk7PfTMcJHF4sPaRr83v4FPXUFv4aDtvYng/0PBRRMLPlzv+++pHw0HwrYaoKrRSlKUClKUClKUClK1btr2j+hxZYyDNKCEH3F5yEeXIcz8aDnvtDUycUcq11SJI9DfKwzMR5HxCogOEARRqdPMnoKtSSEX1LMxJJOpZjckknmTc3PnWBFIJ5RAkircEuxYr3iqbtFEbEA5c1ibZiuvSgyGxDOxSIJI6kKxLKI0ZzZV8RHeuSDYbcrNvUX2lwUkMoDu0mYAh2+0dPdH3bEWtca2uSDbZMHHJLI2C4feULkBd1jMUaRggyBgDmLOFe9tWS4vy3/ALMdisLg2u15cSVzd86g2JuCYlNwtieeuo1qUct4R2Hxk4V3VcPGxUK8xyZixsAie8xPLQXrdsD7L8Kqu0ksszx3BRAsQLBQ1hcMSSCLG/Ots47gogiz4hJZCoVGWBXcubmzZU8Vhc7bZqkuB8XgxkXfwElSxU3UowZdCGB1uKDXovZ7wxGUDC5w17s8kjWNgRoWtrrWNxHsNgspyYCM/WqujSC8RAzNdZBYg3F/Lat8y1o+LwEsvGEEL4mNIgJcQ5kfu3uLJDGjHJY2JYgddjQQw9mWClSMmOaB2Vi2RiQpVgB4ZAx1uCASDa9QmN7D8Tw5aXC4rv1W62clG8DqwsHYqbMqm+YarXSOE9p0xGJbCPh54ZVjEuWQIRkJtclGYL6G171LcQaKONnlZUjWzMzHKBZgQWPramq4PPx4KrQY/Ct3iBWAcEZ3SORV7waEAu+bQ2u7sb7GGxHZxliDozMwjWVgUypkaPOTHJmIkyAqG0GrAC9ds49g8PxDDs8ax4xdEQKynIc3jdXU3DAG9rj3R1NczxnCcVw4LioGd8KWLZGJBAUkWdR7yXYn7p58iSNCBZTcXUg+hB/Spnh3Fj7rb/ABv/y34HyOtbDxDDQcRjjkjAilJZCbM+aQKWySOANbDOZG2LkDRdNEZCpsQQeh0oN3Dhhcaj+tD0NWJQALnaoHh2OdWC6sTYAdei/yNTayCQKRsRmPz2PxH4VUWVG5I1Op8ug+H86w8ZIdEG7afCpCYVDyuQZH+6Mo9W0oMXFtnYIouF8CgczfW3Uk/pXpX2e9nBw7BJER9a/1kp/xGA8PoosvwJ51yT2P9l/peK+kyLeLDENqNGl3Rf4feP8AD1r0JRVaUpQKUpQKUpQKUpQY2NxSQxvK5siKWY9FAua4Vxnir4maTESe858K/cQe4nwG/mSedb37U+LZUjwin+0+sk/cQ+Bfi+v8BrleJxIUFjso8vlr1/Q0GJxTGlRlB8Tc+YU/kT+VY/Z7gsuNnWCOwJ8TOfdjQbu3kOnMkCo13Z2JNyWPqSTyHWu59luyQw2CMDMY8ROoZ3yZgLG4iuRYhRcFbi92POoNg4BwGDCQ/RY0ZVsCZL+J2O7lhqGBA02AtbTQTir8fOuf8b4vJhZY8Hg5RFHBc4lzEZcpcZo8yHUREsbsl8u2ltdn7Ice+nwNIVVWjlaJipzI7JbxxMQCyG4IuKDN45gpJ8PLFFL3TuuUSWzFQdGsLixtcXvpe9ctGCw+EknXGTTYKSFbYIoSE7iMXDIR4ZZHYksrakt56dktVjGYSOVcssaSKCGCuoYBgbhrMNx1oIvsfi8TPgoZcUoWV0zMALXBJysRyJWxt51NWqP4RxaPFKzJcZWylWsCOh0OxH69Kycfi1hjMj3sCAANSzMwVEUc2ZiAPM0EfwTgMeFeaTM0kuIkLvI9sxH2I9PsqNAKzOKLIYZO7RJJMhyI/us9vCGuNr19YLHJKDYMrKbMjjKym17MNtRqCCQeRqmLkJIjQ2Z+Y+yg3b15DzPkaDkeDxMuElbDq88UkRM2JlREkEkrgEu8BAdoE1XMnK503reOzfETxDC/SGiUMS8QOuSVVNs6ZhmCMeRF9OdqmOK9n8NikVHQgp/ZyISkkZGxjcar+R5g1nhLADewA13061NHE+1/Z+Xhsnf4V7RuPrI11AvcX7smzKL+HNcXFtecL2tw0U6NjUEiFwj3YArJ3jEZA+a7SLzAFgFI5XbuvE8EJEdMqnOMrXvsdNcupI5aj1Fede2HBTg8S8YIZM3hItzAOw2JH4gjlVVC4d8rq2vhIbTy1/OtmwhbIM3vHU+pJP61B8NRTnLcilvK76/pU4rVYzX3NtUVBg5JzFFGuZ5XuAOZJsv9eVZ+Je0bnov51v8A7IeGQGeSViDLEipGp5Ag5nHXcDyzHrQdG7J8Bj4fhI8OmpUXdvvyHVm+e3kBU5SlFKUpQKUpQKUpQKtSSKoLMQABckmwA6knakrhQSdgCToToPIb1yn2ncaaR1jjdxEkRd0KsmZyTbMrAE2Ci3LWg13tZxYYrFzTK2ZC2RCP7uPwi3kTmb+KtN4ziNkHqf0/n8akb2AHMD8aucA4dDO0smIGZGPdRqrIrmTRrxGSRRdRlFrNfPtQZnsr4L9LxwkYXjw4Ep83vaMfO7fwV33Dq4FnIJvuAV08wSda5x7I+Hxx4BpHUt9IlNvAzeBDlXNlBt4gxvtrXS4kAAA2GnM/jUEbxns7h8XlMissighZI2Mcig7qHXXKeh0q5hOErhoo4sKQixLlVDqrDc5+eYnXMDe52O1SgpQYmHxwZu7dTHJ90/aA5o2zj01HMCss1axOGSRcrKGG46gjYqRqpHIjUVi5pYfezSx/eAu6D9pR/aDzHi8m3oIOKNcJi3I0WVgzdMjnLe3VJN/KTyqW7QF+6yrEJQxsy2LaWJWwDAjxBRmv4b35VjcfVJIlnSzql82Ug5oWGWRdPLW3VayeAY7vIrFg7RExswNw2XZwR1Wx9bjlWfo18xO4jkw88rBZEYws12ZAysSJMwLt3YJCMT4XF1B1rN4F2gWV3MoRSxAzKSdgxCMDfKAoLX0t4rhTvkYnhSTyM0f1WS6500zsffUcgB7uYa3L8xWFPhHcrDKM0htkkKgkBGQlpLkLIjMguoOfLa++mhtSOrAMpBB1BBuCOoI3o4qP4RgjCsmYpeSQyZUBVEuALIp2vbMepY1nF6K0jsgcS+IxDjEzTYND3SGbKWeZT4nQqq2RT4fM+lRXtN7OK+Ezxxhe6N7i2ucgWtvo2XfQAtaukm1tBao3jGGSSJ0kcojKVJuB7wsL/E7c6Dy/gHAex91wUPkG2PwNj8KnImJUE78/UaH8RULxKIpK67WY6dL62+F7fCpbDMHUH7wDfH3SPmpPxolXMT7gH3pFHwvXUfZPwFu8kxrXCaxxg/abQO48tMo+NcwmX+yA5vf8K9NYLDJDGkaKFVFCgDYACqkZNKUopSlKBSlKBSlKCP43LKkEjQ5O9C+DPfJmJAGe3KvP/b7jOJfGOmI7oSBEVu7N0t72lydbNrrXoqeFJFKOAysLEHmK86e1PgzwcRkKx5IpFV0OpBVUUPYnmGBuPSghzNdSfK9SXCwycMkcNKhZpGzRBiGsqoFmIjIS2tvEujnrUHb6tv3ameFYuP6DJEWw6t3UujEmRiMzCy5MoO2ue5yJppYkjqXZAYlMNw5IgRCYVaQhFYEyEvqxN1tf/Vz2qI7YYyY453mZ4o8NGTEqStDI6EBnxELN4JGUixjJ1G9bd2LI+g4I5yP9njAW4AJEYG1rn/pU/juHQ4lO7niSVL3yuoYXHOx2NRUZ2KxuKnwccmKUCRrlTYAvH9iR1UkKzDUgG35Cfr5RQAABYDQAaWA5CvqgVSlYz4+NXMZcZ1XORr7vy1O2g11GmooIXjWNwsDMTKI5GF3UKXDgj/eIo1NvtaN520rRMDxSfDCSWFgIzoQdSQDYEAiwIzaetdCjfB4pWnMaNkuGLxgsMt9CCL3sL5d9RoK1jjvZUrGcRHmQFu8eIHwop1uoHMaX3tra1hRYysL2tkZVSDBSsoFhqx0HmEN/W+tZ2H4nxGQ/907sdTlbXzDSJp/VqzODySLh4nAMkRjXw/bSwsQvKRRbTnbm2lS+GkjkXMjBhtpyI3BB1B8jrQQ6x44nV41HUZQf8pjcf6qS8NxElr4uRevdqFJ8r7f6ansooVojWsXioOHKsk0uIcO3dgsXl1Ot8qLpYDe1SkGKSWMSQskisLowbwt/EAbfI+lav2v7N4qScYyCSRmVAgjSQxsgBvnhPuOx5o4s3UVe7NcEMOHnkeVg+KJkYmMRd3dMoJiBsr82PM+lFcv4z2eSfiOMVy6d2WkOQIwzMXfIWkdLXOg09bVr3Dvct0LD5NfcfvVvOBiycRxqhw6iNFLnKykX5xM4EhNtL3A1vvWi4E+OQcgz8gN2HIaDbYaVUSKLeWAHnJ/0r07XmSFfr8OOZkFem6BSlKBSlKBSlKBSqVWgpWke1qNDwuZmUEq0eQ21VmkVbg8tCR6Gt3rRPbHLl4Ww+9NEvyfN/wDGg4UVuhH7JH4Goc1OR6GojER5GK9KlSPQPs0xyvw3DHIWdM0RKgErlc2uxtYZSDv6XreVIA3tXGvYrxVss+EBUNcSpmudDZH0G9vAbX511LFyk2W97bna7elZ6uLUtWtt2qEGIMGMjOGDuVglLBo5V5Avb6t/2Wt61lJiGVStzYgjQ2IvzU8jUZw/sZgmYSTtLi5Ab3xLmTKSb6R6IPlU56lG2ioziPBklPeA93KDcOoBNyuXUc9LC4sfCNdBUnt/W1REPG4cUjjBzRyOrZSVYHISbF2HMDU+drVsa9jcKUizySMJllde8iNgDkytIyg2ubgEgB9Qoud9g7OzzvGRLlYADJIGzZwQSG22ylNTqSToKkIsFGsYhygoBYhvFm5ktfck3JPU1h8L4JFhpJJIy1pPskmy9QOuvXbWgkwttqxcTgQzZ0YxyfeAuGtykXZx+I5EVl0oMGLGlWEcyiNybKd0c/sNyP7DWPS4F6zDXzNGrqVZQysLFSAQR0IO9R0jDCgu8qiAb9639nfQZXO4vYWbUX35UGe1WZSwBKgE9Cco+djb5VrsfaeSOUR4yKOIPIIo5I5BKgdtUSUABkZlsQSLG/Kr3bXiq4bByvnKuqeGxsSX8A0O4FyT0tyNqK5TDi8U0uKxUSqySzu6/WPGc0d2F2SysLSAZGPite1gTWq8IzNnY7sQempuT+Yqaw+NK4BwBA6smXwsO8SWVnHiBQMCQx2JW0YHWsPg+H0UdTm+HL8AKqJHg8PecRwsf+Kn/GtekK4P7NcL3/Fc+6xKz/5Rl/4mWu8UClKUClKUClUpQVpVKUCuY+3Ge2Fw8f38Rf4JG36sK6dXGfbfic2JwkN/cjeQj95lUH/QaDnarrWFxSMXzcz+NtD+nyqUVKjOKMNBzv8AIc/W5/KiRc7McZfBYqPErfwN4gPtIdGX5X+Nq9IJJHKEeJs4kQSC2oynUHNsL9K8tohYgAEkmwA1JJ2AHM11j2bdpZMG54ZiSFJP+zu5OQOx1jLDdSb2t9oEX1Fs2aroeNxHdIXKO5BACILszMQAoHLU7nQDUkAVi8NEgds0kmdWYspyWIckoUC+6oGg5mxvrrU7icJHMgilyuSutwATawLZeWpHpcVFyYBcIrukbMGOZyvjdjYLc5jdiFAFtTYaXrF5xMfXHJGxOGlwiSiKWSMhX6AmxJA1AOoJG1607gHBJhjIIRBPCkK52c5SEykfVw4hf7aKQ3uji4vfS1ScuJEjg94WVJQYc6CLvZWiZhCr2zZV8JZgg08JLWapThPEsQkxglKPaNJCyK6qpbwlWzXGrKxUg3sNQLAtZ1nprbqVDcb4s8eFllhjaSRFuEUAtuAWVftZQS1udrVoPZXiGJgxEMEWJTEDEZpLs5eOTKbyNb38LKtz4SCjEcjWp+q6vQ1QmsPifEocLGZZ5BHGtgWNzqTYAAAkknkKoyyaw+JYGPExPDKgdHGVlPMfDY9DyrA4d2qwGKfu4cQjyWJCeJWNt7BwL/Cpag07B9hgmMixEkomSFSEWRFMmbTIZJPt5LeEkXF961PthxGbiGJiwDpZY2MsyBlBAv8A2dy1mYDQEEXzEWvW49vO08eBga4vK1u7Fxvf3x0ykbczble3F+DdpZlkZRH3kk0qvcO6Mz7BGscrob6hhqC2ovcIM7tLIryGKN86xMbuQAxkcWys2RS/dqG1YXuSNd6QARxPJ0Fl/r5Vi4fD3YIrZwL+O987k+OS53BIAH7KA8zWfiMM880WDjF2Zgv8R6+Q3Poao6L7GuD91hnxTA5pmyrf7iHUj1YkfwCulVh8NwSQRJCnuooUfDn86zKBSlKBSlKBSlKClVqgqtBQ1589qeL7zi0g/uo44/jl7w/i9eg68w9op2kx+LdiLnESDTUWVyot10AoLSOApP8AV6iuI4V1JaxsDve++oPkD+dZ43UfH5bfj+VZ+UOLHpb4HS1uY8vSiRq+FxTxOskbFHQhlYbhhsRW7Ty4fikYdnZMQrKtzqFQLdpZHZmdo1VSSboAW0BJrV+IcMKksg03K72HVeo/EVhYSVkdSozG48BuQ/iByMo94EgaVFdj7F9uGjf6JjgBPlCxzEi0yi+QM+1j9l9jc89+i/8AaMaskcroJHS+nu38IIF9tWFr71xLtBjIpFlTHRvHMseaNLo2S5yhIyjDMS4BYkWCoRbNdj98O4hxDhwiOKgOJhAV7XYvHlAOVmteyhwcrXTW196YOxcR4R3jJJG5R4zcbEEG2ZCGGxAsdj5itfx0SQxrHIzyOh7z6wM3eyXPh00uWYWQXC+Gy2FXOA9u8FilZlmtIbsInsjABRZEucrE25E6sa2WVlITONWNhbXxZS2h5iyn5ViwxCQYpYwxHhiiU3kLlrPmN4xqT4dvUgCs/A4fDJK0/cxrK62aUIFcg2982vyF/TWsObAiHXvHZIs0gQBdmBtmCgZgCHIvzNzqBVngMMgBd5C0IUuWkIzCxN7sNLGzG+1rWsNBJLPEbYWrD4lgIcTGYpo1kQ7huRGzA7qRyI1FXmkAKg7sbDzNibeWimo3ifaDC4XN38ix5QDqblr32Ua6W/EVtWv8G7NyYXFyYvFzrJFGpjwpkcs0aMw95mAGY3K3Nztqay+2Pa7D4GN1kuZSPq0VrE3FwxI90A9dTbpXPO13tGSYIkMYZkBHeMB4jzITUAXAbnrba1c5xGJknfM7M7sfMkmqMvj/ABubGzNNKxJJ0HIDkAOVZ+AwPdLqPrHFm6xoR7g6SMDr91TbdtLXDcH3fi0Mg2O4Q/s8mfz2XzO09hcMkS95JsNQDux/XXW9UVGXDx94R4m0Qfrat79k3ZpgDxCYeJwRFf7p96T47Dyv1rXeyHZuTimI72UEYeM+Llmt/ul9eZ5DzNdvijVAFUAKAAANAANAAKC7SlKBSlKBSlKBSlKBSqVWgwuLYwYeCWdtoo3kP8Clv0ryyGJ8THxElmPVibk/O9d99rWO7rhcqg2MrJEPMM2Zh/kVq89M9EqRw5vc/D5f0ay43tUXC9gBWdDKDpQSQsw/q9/I8qj5cK0UizJlVlOYErmUno6m9r9dteVZSNasmNwaDIwXG8NiCsOMQIzAF75Y0Z0YhHSRfEvhyAsT7sWUXLXGJPxw4HNhRK031ahpVARo5GLu6pmBLeJwS3hbMo1FrVZxXD1ZSABv7p29Vt7h8x8q17FcNZDp/lO5/dOzfDXyorclwXDcfKEQqhygeAd0dM1ywKm+rR3OVmH1h8QUGoeXiGIwKRthsbMMzOVQ2AVFd0Dgh2U3ykaAc/jqxFtCPhX0STbXbQeQ3sOm5+dQbfh/aVxRCW75GJAUlo47kAkgEhRtmPzq7P7T+JujIXiAYFTaJNQRY3uOlatg8Dn1Zso5WUszeg0AHmSBWYOGRdXPxRfyBoMnH9tuJz6SYuS3RMsf/LA86gWd3OpZiTzJJJP5mpyLAwqP7PN5u7MPkoT86zIFbaMZB/hqE/1L4j8SaYIFOGSH3hk8j73+XcfxWHnUpg+HAaAHX4k+p6eQ+N6l4uH5RdyEG9tvwq/hS8jiLCxtI55gX35+Q8zpVHykUcIzSb8lFTXZnsriOKSCSW8eHU+9sWt9mMc/Nth5nQbL2Z9m4DCbHHvG3EYN1H755+g09a6PGiqAqgAAWAAsAByAG1BawGCjgjWKNQiILKo5D9T51lUpQKUpQKUpQKUpQKUpQKUqhoOP+3HiF3w+GB90PK3q3gT8BJXJWXUCtn7fcT+lcQxEgN1V+6T92PwaerBj/FWtJqSfhRH3VVcilqpQZsGKrNSTpUIKvRTEUE7HPV9srixAIO4IuKh0xFX0n6GgrjODq/ukejXPyYeIfiPKoyLgrZjmVtLZQCpB/ea4NvRb+lTaYnrWQjg/1tRWDHhMg6nmbb26dAOlO4qURM21UeZI9FGeT8F82NExjwcOsM0hyr5/pWbw6GWd+7wcLOebW2HUk6D1JFS3Yjs1/wBpu0szM0MZsSvhDyfcj8gN28wBzt2HAYCLDoI4kVFHJRb4nqfM0Vz7g3syBIkxkpc75ENh6Fv5Aetb/wAO4ZBhkyQxJGv7Itf1O5PmazqUClKUClKUClKUClKUClKUClKUCortJxD6LhJ5+ccTMP3reEfFrCpWub+2ziXd4FIRvNKoP7qeM/iFoOHSPzJueZ6nma+k0Fv6vzrHD3PprV0NRF6qGqA1W9B8kUr6oBQVVrVdSSrBqjNQZsc2x5f1rWXFiaiEas0ZUTvHGnIbZj0FBIvi7ITmyrzbmfJRXzwLh8vEsQmFhBVWN3O+WMEZpHPM2Og5kgedQBkkndVALMSFRFF9SbBVHXYV6L9nvZNeG4azAGeSzSt0NtI1P3VufUkmgn+EcNiwsKQRLljjXKo/Mk8yTck9TWfSlFKUpQKUpQKUpQKUpQKUpQKUpQKUpQUrjvt8/wDJ/wDu/wD11SlBx6Pc1kClKIux1X+vwNKUH0tVNKUFKt86rSgJ+tXuN7Rfut+YpSglvZr/AOK4T/1D/wAt69NilKKrSlKBSlKBSlKBSlKBSlKBSlKBSlKBSlKD/9k='),
(2,'data:image/png;base64,/9j/4AAQSkZJRgABAQAAAQABAAD/2wCEAAoHCBQVFBcUFBQYGBcXGSEaGRoYGSIcHh0iGhoZHSEaISAaIy0jGiApIh0aJDYkKS0vMzUzGiI4PjgyPSwyMy8BCwsLDw4PHhISHjoqIyoyMi8vMjIyMjI7MjQyMjIyMjQyMjUyMi80MjQyMjI0MjI0MjIyMjIyMjIyMjIyLzIyMv/AABEIAPIA0AMBIgACEQEDEQH/xAAcAAABBAMBAAAAAAAAAAAAAAAABAUGBwEDCAL/xABPEAACAQIEAgYHAQwHBgUFAAABAhEAAwQSITEFQQYTIlFhcQcycoGRobFCFCMkM1JUkqKywdHwFWKCwtLh8SU1Q0RTcxY0k8PTF2ODo7P/xAAZAQEAAwEBAAAAAAAAAAAAAAAAAQIDBAX/xAAsEQACAgEDAwIGAgMBAAAAAAAAAQIRAxIhMQQTQVFhBSIycYGRocEVUvAU/9oADAMBAAIRAxEAPwC5qKKgfFOm9yxintG0jW0JG5VtI56jmeVATyiozw/pphLsBnNpu64IH6Q7PxIqRJcDAFSCDsQZB94oDZRRRQBRRRQBRRRQBRRRQBRRRQBRRRQBRRRQBRRRQBRRRQBRRRQBRRRQBVL9K/8Az132j9RV0VS3Sw/h132j9VqUQyD2ukLqSLiBgDEjsn+B+VPfCuk/VmbN97R5gnKCfEeo3vqF30IYyCDJ0Pn/AD8aE0Ij+TWygmZ62i6eH+kS8sC8iXF/KXsN581PwFSrhvTjBXYBu9Ux+zdGX9b1fnXONvEOhlGYTJIBgfDY/Cllri7/AGlDePqn5afKqvG/BZTR1JbuBgCpBB2IMg+8VsrmzhvSK5aM2rty0e4EwfMCVPvFTHhnpNxSR1iW76947DfFZX9WqOLXJZSTLjoqEcO9JeCuQLnWWW/rrmX9JJgeJAqV4HiFm8uazdt3F77bhh+qdKqSLKKKKAKKKKAKKKKAKKKKAKKKKAKKKKAKKKKAKKKKAKpTpcfw677R+q1ddUh0zaMdd9pv7tSiGQrjGAyC1dG11ZblDSZPcB3++mt0IJB0IqZvhM6nD3AQ+rqJ7LDKYZD+7w8wEPFODqOwGGdV7JOk5Y7J7txHPv5kMeWtnwXyYr3RF1Fe1Fe3tlSQRBG47qyi12xRxNnu2WGo56f5VuAg6T9Iryi1sCHeK6IxMnIFuNzM+dZs3mDZkJVxsyMVb3EQR8a3Mm3ZGm/P/KNK1rb1mkuli/BKzyXkkXD+nfErEAYg3FH2by9YP0tHP6VSrh3pfI0xOE/tWXn9R4j9I1XCrpWHtCdo8qyn0P8Aqy0er9UXnw70jcNu6fdAtnuvKU/WPZ+dSfD4lLi5kdXU80YMPiK5ffDA1i1auW2zWrjI3fbYo3xU/vrnl0mSPizePUQfk6oornTA9OuKWIjENcUfZuqLg/SjN+tUj4f6ZL6wMRhEfva05Q/osGn4isJQlHlGqknwXTRVeYD0ucOufjetsn+umYe42yx+QqUcP6U4G/AtYuyxOy9YA36LEN8qqSPdFYBrNAFFFFAFFFFAFFFFAFUX03b8Ou+0392r0qienR/DrvtN/dqSGLr2H6y3kuKQEMLdXQoeTA8h8tNY0IYcfYuW7n3wZmaYMdm4DoSO5u8eA5REy6L8Qt3bfVuMt1QA6MIJj7QHwJG4pocIxu4dwGVGlRsQCTlZTGhBDCe9YO8Hji3H7Ha0pIhfE8GiXFVfVuIrT+SxAnbYTuDtSN7JUkMII5VMDYVCguHNbU/erp0kmT1dwa5DPPY6+NMOKs3CpXLLICYOjKARIHeNdPKu7Bn087o482BPdcjdb31pSZjupKrHsmIkaePfShH2Fevikmtjy8kWnuKezqBPKJgecid/Lxrelod1abDRtOoM+/eltsQJ7/591d2OJyZJGlrEV5ezMU4lAVJ/n+f416sWASB4gfGtnBGHdY3rgjBaJA3rD4FlEmpUvD8pjcEaRz93urziMCT2cuwgR5z5msnobL6ppWQlk1jwmhrHeAfOnbFYWCfhXm3bUISZzTp3a/vqjw26Zos+yaGpuHod1+BpM/B1OxI8xNPjLIrwykaGs59Jjlyi8eqmuGNOGbF2PxGJu2wOVu4yD4AxT7g+n3GbX/F61e50V/moDfOtVvDgzSi5hWUAHSVkeIkj6g/CuaXw6D4dGq+ISXKsd8H6Z8UsC/hLbd5RmT5NmqQYL0z4JoF2zet+ICuPkQflVcvhtCeQOsjSkV/DoT6gPuE/KuSfQuPDOqHWxl4LzwPpJ4Xd2xaqe64rJ82EfOn/AAfGsNd/FYi1c9i4rfQ1zDc4ckTBHkf41obhq8mI8xNc8unmjePUQZ1rRXOXo5xN+3xLC2+vudWzkFA7ZT2HOqzBro2smmnTNU01aM1QnT8/h132m/u1fdUD6Q2/DrvtN/doGS+9wy3fRHQm3dRRlcSW0Ej2198iDB5GF8UxF6ziQ2IWCQoFxRE5M4zA6ZjDdpdCNNATUzN4W3iQAFSDspzKDsRK+YkSDzNKLyW76tbuopBiZETpEnmY0hlM6aHWvPx5NL33R1Si2thtucMy2nuCDzZT2kZSFMQf508oYfuTIQ9ublqNVXV0U7hf+pbjluI5xUhFm9hUKqGvWOQ3e2NNBoBcUQREA+AAkx7o83XAorxkZQORUHKNO9fpoPPSKdaolnJWkxoxmFtpbRRDIxLEg6amAQfskc/nTU1tkZ0ZSGttB2OnI6fXaprxPhyrcZCVW5oSYlLgP2nUbHftLr3g00Y/DZHdypFxgv8AWkaSykaXF05d5muvB1Dg/wCjDNgU0NNltdKdGwDXLdu7acZtZQkQwzEbHZtCNe4eRbcThbhaLeXtW86ZQd5iJMgc/wCIp76O8OuPhJEK+duyR+SI35E7yO+uzqescoxWN15ZyYOkSk3NX4E2GumcjjK2bL3e6DqKcVtxEaGkvErS3M1u4hUiFBBk+tyaIaCPVM+etFnjFq2Us3fsDKbkEZtTo8TlcDSRI21rs6P4lq+XJz6nB1/w1x+fFx5RK+FY4ZOrfU6w3xP8+VbsVGuUww1Ejn3A01Wrtt4IYKIkMuswPn8a3visyZZ1UDT8oAzv3iB7mNdritWpHl96WnTLwNOOtgsSZmTmHjSIYckHSn9FViCwzM26nbaB7/CnbEIXw5S1bAVRJI8zprvyPxq8sumlRSLtckIt2uVbDhTvS5LAkRv/AJU7dUqrnMNEaHb4fCtHJIz7jb2GDD24B0BkEajw+XnWu9aUDeTz8KcnRJmY12Hj/lSHGoQdQAd9RE71DkTGTbG/EtoRynYd4/1NN7GIgUtv95pE51rkys7sXAnZSa1la3EV7XCl9BoCDLEwBG9ck2krZ1wTk0kL+g4jiuDHc7T+g9dG1z50UwnV8VwEGQ5Zgd57Die4bRA+Jmug68yclKTaPUhBxikzNc/ekQ/h932m+i10DXPfpIb8Pu+030WoLlhLhluW1beVt76RlgyCNCd4mkfCcXauNctlwtxbrKEcZUlcoOQgnJM/xFOvCUIthWGuQRpE6DmdCKg+Gtt17FlIU4toJBj8dZGh5GQfPL4V50Iars6W64JNbxBR3XcK2UgmT2R4aGNNvgKT3eFW7lz7oskW7vMjUPt6wGjzlGuh21MRSniOGVbZvwrZbZuQQJP3tRvsdAx75C92qSzi7dzCLctz1ipbzKZDqXhZkesDrv461WOpK4lnV7jD0nvOt6011DaMFGcHNbJlY1PkTlMERNOXEcMlq2hYBrTEhkczlbNAZW3U+INOCYtbgyOnWIymQUnsgwZUzKz5r4E0h4rwlrlnLYudncI5kCCGhW1ZRA2ObfZRWynGVJ7EbxtjU3DlZW6qbg1kQOsXUMdNronuhhOxpTwrFXLVrLkFwBmzQSLndmg+UQdZB1rbiLot4QCOru22DKG3kCDlI9cbiVrXc4hcu2UuOuYyVhdDOVWmd/tanTatLaXqSqsUqlq8WWJkGVbssO0OW45/yaj2NwuQ3YXOiscyEAk6jkfP5U5XcWtwBbkFgYV00uKRuJGhg85UeFNOJsNcvOtu83bUAg7lgRqc24IGsVdNMs9hHYw9vMTYvG08kkTmBI37LGdPGfKnNLmMtkhkS4I0ZJk7QCu/vC8qaEwsZ81skAvLzJX1O3ET2hHOZFO9gBwq275UyucXT9kBdV6zckSY21raOfNj+iWxy5Olw5vrirFNrjaqyi5acRyGUjXwMH3U7YDpZhQTba5C66MpEHu2plwPFCo6t1S6FAJeWXOChYgBTlMER7623roIFw4VChKgSFYiZ3ldAIGs861/yWXiSs5JfCMD3i2jdiuM4MGVvKddIB89orRiuIX7oX7mthlYAh20B8gYJrzhbluSDhLaOAGKhFaAR3wPfpSjhlm5ctOytkXrH7EHQ5F0AkZdfPf42n8TyzjUVXuVxfB8EJapNv2G9eH4lJu3ryBU1KKAZnQLJiJJHfvW/F4pnMuZhcoJ7hsKWY3hEWGZ2fsrBGmwbwEsdNzTK5M5SCOyGJiYBMDbSZ5TW3R9U1GTySv0/sx+IdEnKKxR+9cGrEDupOuGYtlHa0BzRAkkiNdtqXLhnDNmTNBAUayeyGzwJEajSlBwdu2+WzLvnLfe+2xluyrGciEb9o8zpVM3XK/lNOm+HNRanyNFpVy53UxmKqNsxWC0841HjrtThf4eqTbHbe4+YBRmuFANOzyBnckAZadxw/MS1x1tKJJW0cziSSZuHRB7AnT1q8XcR1FtXt21W065tyCTKwWdpLHWeZ5V5mTqpTfq/wCD1MfTwxxpI0cCwr2+KcPW5lEF4UNnK9kntNsSZ5aCKveqG6O3hc4ngXzBma5cLRMDsAKNdYgfWr5rWF6VfJlOtWxmuePSYfw697TfRa6HrnX0nn8Ove030WtChcKIvVoQmhQEx3wJPdTSeDhlzW2AJJ9U66M0meRBmQc21PmHz5EMgDqljxkf6VC+jWLK4q6uYicQ4ImVMm0NuR+fOvOrc6E2lsOePtP9w3UiWFplHeYUgbfQ89KZei9l7Za1ciWRF9aPU6xjAaCPszyM6VLuOYrq7V598qFo1GyToV225EUh4YlnEBb1sZCsMU/JzBgeX2jm75jw0L6WkTflkexOMNnHrbENbK20IbcdZdKlgRqGmD8e+vWJZ7NyHuBesuwGIj1rlye1sYUKdQd+VLeKcGFy+90QWTJG8gqcyzlPqyeYjfSkXS+zcuW7Ay7uGLcj2GJOgManapSTpfslCq49t7jWLmRgCoYEDWYOqmQfWXUE+ttSDiFgYdiloEIfshs0bAAo2pEDkRv4CjjRQYNb6NDgWxIgiQ1tWGuhAKDu1WtHSFLnV2sQrjNdVVIM5QxXNIidZO21WSaWxaNWNOAVesu9ZoXOZSAT9onaJnXfUVnDIz3XtKQV7TA+t9ofx38K8YzHoApcZwIVoGqxpLA7DlvXrh6W3uE2nytrGp8TlmQwBgaA1bXe7RdR8JitcpS4QWS2pKuT2lBWDs08yOf0pPhrfWZFZAeqYOCRlzbFSDLA6DYxSlcHcNu5aTa6SWM5iCYmAYPIbk15OEuHqgQ8JcTMC2gFsQ2QDv7p5U7kfD/YcH5Rg8HXMT1bhSB1QUgwwQrsG3O505VowttwpCXLuckC4sOcwWQRABCkzvyy07NecteIVgMq9UAR6wSDoCY7UHWkODZ7a2yLZDsUR2VSWIly5YcokCY7qnuOvBVxRl7D5z99ulAsCFeWIAkEhNQTp3aUo4Kl8Wxblwpd8zLa1aTEjOAB3aj4zSsYp87pkui2qApFowWnkTv5eNJ8BisS9slrNwuTMiVGgEdkiBEfKqOUkuF+yaVm7H4G7cRrYZ8jCIuOok7gBUmZMCD30lXgNwWxbuPatgGObnfNknsrvJ2NKbGFxb2wtyyob7TFxm9Yn7LaaQIg7VhOGYtsGuGZbYObNmZi7esT4gnXmarra8oNL0NWJwNm1bTrWu3VIIQH1CF0jIkLsNzyFY4zinwwtocltbiLygKW3iImO/ypdiOjty7btW79wlLewULb79z2s0+BBpWvAbSdp4LAes0s0eDXTKj2SKyeSPl2TUvGxFuOI13IMOguDIoLkFUEBti0ZzJ5A7U53eE3MQttLpJS2AAiSq6flMe0Tp3LT1ae0CRbXOwUnTtE5dIJMazprOs1qtY5nYGAlvmzmSICkaGAp1jYfOs5ZpVUdq/ZbQuWNOEwCWeK8OVFVRNzRBp6vfzPmTV0VS2CuBuL4Ii5nUXLoVpmdASJ5gElR7NXTXpYL7as4sv1OjNc5+lA/h96Pym+iV0ZXOHpTP4de9pv2UrdGZdWAuqLNpQZQ21ymeUCPDaofgeDXrd04g5GW5da4sEZtQsCOe3+tTyzhZt2z3ou3simHh2Ds3bcIzpcRys5ycrd6h5TUwYiNdq89qSbRtGSNXSc5sLfubTabQiCPvexB5019CLo6u6uYaW7esz9u7PjzFP/AEgQ/c90cwkFm9XYanTQczWpML98zC3aVSnrWucxAOwI9bkeW3OE6TLcoi+MxLpxQBH5Wl7J0Ia4wbTypz6W8RNk2+wGDXChB7irHTx7OlaMZw22cRdvtcuI1s24KoWTsywnTTUmdedZ6Y4R7zWUtkBusZoLEDRGkAx/W8tKsq2J8iniq2beGDNIt51J5xm2/WPzpi6SDq8LZOeVF3MsNHZZTABO4A0p26TWHfArActnQZBrqrjNEcoBOnKmjjv/AJbCnuKKQVDAHJBBVtiNQZ2qUXiRRcjIpDau65gSdDKyAUEbEGDO9F+EN2FkKWA0UxGaCGGog5dDuDW/hdtfvQVQpN22GhozSecyDpAy+FaOK3Mq3AACXuvmiBs8ct+VTJ7mkV8oq4LjlbRCyyTGUgamTBLadkA708cKu3gATcOUltSsj1iJZk2/1pk4Xwm5bt5+yxuHKtsjcr9qT6uU/GBypzvpls2mZY+9XHJgb52GXskRm0WAIM1SSTTkuLotGW+l80PmC4i7M4dbcCANdR2ZMlp56V64fjSWbPaX1mBIdYlSNpiRBHxqucMl5XW5bbWZBJ3O502iRsdNKnvDcUHsi4xIV7twnMQxgC1mUgrLGRl0gyRE1GTC4RuuSscsZNq+B9wl9Wdl6uIgDXWSCTpsIg8+VKcK/wB8dSAAG37JiVWOWp3OlQzGcRuG4otJctkEsc4A6wRrzOfcyDBiTU24FiBdtm4I7TrzG/VgEaDvnxrGeNx5VP3GuMlcXa9gxEXLc22OR1PaAhhrAIGmx76zjLxWLhZRaLQWEsNjpAPfppSw4Y2l6sKchSVO4BlmMn3CNKQ8UtgYNRyzj6mocN6ZVSsbsfiGtMhdmZbofKLcL+SQSOUDNz3NIOJMMM4XKLvWW8p6yTAkzpqNYHIUs6QoScKFBOrHQE6QvgaR9JsM7vbyW2bsZtNYHa1OumtVSVr8l3wzxx+bKL1RNuUgwdSO0d20GvdSrFrmwiDTW3PftB2rHF8JcxAVbY2QE65YBkT8+Vb8HhXezat6KSjKSddeemgO1VvZP3LeX9iMdGx/tHA/9y78/LT/AEq86prA4E2eLYK2XzZWczAHrICdAT31ctetidwTX/bnn5PqZmubvSofw+97TfspXSNc2+lU/wC0LvtN+ylalDoDCCbdvT7C6j2RUP6McQAu3bZIg3tD/aIifdWzA2WCJ2MRORZItjuHPq5PxNM/9GPbZmS3eH30spNthObX7NrTVjHkK4ZTfKRvGK4slHS54wmI2/Ftp7qbuiOVMOysQYYGAwIGYsQJGkwRI5bHWQNXFXuXbdxGN7K6kFTh7sGR35/3DypBwKbKtbbOM6h+1afskMCBqhkasNuVVbJS2PDYw/0mbauwVjaJWeyRrMjv8fCjpPjure0wyibjKxZZGVlaY7j40ixJtpjWxD3FEIhGmQSpcbsqj8k7fXTT0ndbptHrLWVbs/jJJBDb66d2mlTStGiQ/cbxiWMKrW4YW7iwoOXclZnlvO3KmDpHiQcHZdpM3M5lpJMExIA5xRxm8l3Dslu5almQhjdT8tezpqBJrR0hRfuW1bInKesDZpU6QdvEjeieyNIxoaeEcTW5cw9ohSM1snLvIb1T3iOYpDjnUm5yPWkbRuxI335V46LWs2JtDKSUKXJXcgADLrGm535Uox+CJe6MpkXXYzylQFPxZas6TomNtEw4RhnxTtbXQ2EDSIhhcXORLCBqY3Gh30pu6T3MmHtBSG7BBgyOzcnQ89a14LiN2ycYLdxh1dgMgXQKcqiYB7v55H1xTEobOGuXNFyE3BlJBl0JUDSZnvETuN6iMnoUfCdlVjWuUvNURkzcuJmTL1ewEiYAjl4VNeG2y1i0MsZr13QcuwGG/l3Uk4z0fW/fK4eVVU0LnkJERpqCNh50vs5raWUac4u3hlG8m0YPeO8V1R6lNpvw0/0cr6bZpeU1+xk4lxEF1Fsg5CXJU7ZImSdue28+dTHoCSuE0/6p5nmJ/fTDxXg4tBvyRbGuv/EzgCeR2Fb+BYtrXDbtwDMVunQ89I1jlMVl1WZ9Rc2W6bAsEFBcFgXsRJdWg5bcg+9x5bCtGOxttbQuGAqvz22I91Rro5j7tzresUBuo1KqVUmXiAzE7c+c6eKbjWOuDCWmXKyMxDo/aB1WDqQNCdZmuR3dM2UV4HnG8SW31VzOo6wMoJ1U5mQyPcJmkfE8eLJT75lNxQmokRm1PhAJqM8Rxl427BuFSmXsKsLl0K5dNtB4jSlHSvErNo8spP8AOtZqG6X3NL2Y9Yq9cBt9WWzlAOz+TKyTOmkg0muXkFoMgnKGK66zJ+PP41rwOJDXrUiR1bGCf61sdximpsb96A/7nwAuVWMG0vuXbqzdwjF9ZxPAtBEZgc28xB+gPvq6KovouD/SmEzNmntbzGZDp51eletijpgkedkdybM1zX6VT/tC77TfspXSlc1+lb/eF322/ZStChZPSHiGMt4e0yXypKroiZZm2h1JkmCTSnhPFcSbSdZioMiS6pMMXMy5B0AU6jSaiC/c2QL1+IeQJCLoYG3aU+W9eWsYXT8HduU3bmXbyI08IrgXdlL5Uz0VgjoV/seukPE7rWxk4gcwY5sjWxHdPVa60mTjYKlGx13MsCMqMTpvpaYkbmT3im9btkbYeyo8QX+oH1NYfjAUQFtKPYHyE10R6HqJq2qXvSLJYYqnRquXZuyMTcZDBJOWDqNcmTWN4y8q93OHG56ly6TPrLbK++VtqfGK8/0/c2W4w9lVH92a1PxK42rM59q4fpVv/LCH15F+FZrGcPERxXhTKCOsK9kiWFu2dtNT2h9aSYnh6lWV8SSCIOa47CBy0FJP6Qt8wWPhP75r2Mcx9VRbHeZ+kxWUu1Hi378fwX7i9F+hdwjhmHtOZuFQMwzZGAExIzMBG21KMRaw4a5LO5dpzbZuypBBJ12A05imK9xRF3ZrjDvMD9WkF7jdw6L2R/VEf5ms3BzdpV+SjzRj6fhEywuCts1zOWS24UNmYywUg7eMVHOkXEVZbdkBj1QIAZQBukZSNxCxJpHh+IuV0VYXmNDmYEA5j2jETExpSB3k6mTV8eNx53OaeTVutiYpxXD5lJW6DGuXv33BM6kipB0bvjE3grByqM1xWKkMD24JYjtGGAiPpVZK8GZqV9EscUuAyY5jvqZY0lZVSvYtG9wKzdTdjrJLDcgbkECTTT/4NAttbR1yMQTKkEQQZG8bVvxmKJUXLZIPw/zFI7HSllMOM3j6p+K6H3zTXF7NFO3k5TErdCsQmbq7tsyOfZM5i0kquu+55gUl4p0dxdy31LWrIWQVNpwI3nsOQCD4a6e6pNa6QWLvZLhT3XVEfpQV+lKXsMBKgEd6OU+UsnxipahJ2V1Tjsyvb3C8ZlRbmAdhb2y3JBnMIlFJ0mZmkPFLV5mBu4a6VAaAWKxmA01UaDXap7futbOrlf8Au2t/K5bj5CsrxG6PsO3jZu5x8Lnb+C1XTFvZl9Uq3RWl3FXc6XAukHKqMA6g5TDEgqTIH7pov9c1kEqAiSChAFzUFC2ZQR9onarHfi9lzluMk/k37WUnw7Wp9y1ou8KwTntYW1JETbhTHdAKk/Cp0ew1ryQPoeAOJ4YBSIY6lgxbsxyAGkHlz8Kviqr/AKPtWuK4HqkZA2fMGzcgAIze/arUroh9KOefJmuavSt/vC97Z/ZSula5p9K/+8b3tn9lKsUHF+KKFAL7DZd9vCkb8RY+qkeLH9wpsTKAIEmP51NeXccz8Kl9bk4jt+Dsr1FpxLH1nPkun01+dec6Lqf4mkAM+qsDx3+db7do865pzlN3KTf3JTrhG84wnRFPnyr2ltjqxrwzhdyKSXsYTou3hVEr4LOdcsXvikQaQTSHEY9m50ie5Uo6PdHQYu4gaRmW23xBfuHh8d60UUiuqUtkRrrSaxmp16U2FW+XSMtwZ4HI89BtuPfNIeH2VYu9z8XbWW8SdFTTXU/IE1dGbTujcuKm2lsCMpJYz6xPPwAUAR5nnWovruKT262ZfrUkG5HNSHglxgQJ320/zpispPOnbAJBESfl9aPgsnuTezxFlEHtaQRB1+EkeB5RSa/cW4pBENuDMH6bfztSNLixB90Ry15V6s31DjMMyjcTG87QdD4+VZaDTUIsWlxBqpAjTWZ/iPGvOB47es/i7jIdwN1P7qccauUAqc1twcrRrpupHJxz+IqM4jDnUqDE6jl8KKKfJDkT3h3T4erfTzZP3r/k1P1g4PEDNbIE87ZyH3j1CfMCqbVyPHw5+4/uNbsPfZTmtuVYdxII128aiWO+CFX2+xbuJ4VdjKrpdU/8O6ArHwBIZD7gPOmDF4JLejW7mGPehKp8Je039ooKZeF9NLqdm6M45kQD71PZb5VM+F9KLV0Qrg96kTHmjaj+zpWT1R9i1X7/AMEa4ep/pLBffOsXtZTkC/O2TbfzU+fKrdqtsXatjimBe2iLnDlimzERB+Zqya64O4pnHk+pma5p9K/+8b3tn9lK6Wrmf0rH/aN72z+ylXKjWjOd9ByH8+6tyW40iDzHP391Mtm3eb1FuN7IY/SlacFxz+rhsS3lac/urN4zZZB0gDetVzGGNK0WuiHEn2wWI99pl/aApWno+4odsHc9+UfVqLGg8z8Ib3uVrd6fE9GPFj/yked21/jpWnol4od7Vsed1f3TVtJTuMjuBx3VvnCozD1c+oU98AwT5zT5xPjrdQts3w9y4c1woVCoOSArue+lyeh7iZ3Ngedw/uU1su+iDHIjPcvYZVRSzHO5gKCSfU7qaUWWRpUQrrFGzD4j+e6lt7FotlLasJJ6y4QdzqFHuHzJpNw/gb3VLh1UAc5rPC+Bvfvrh0YZmdUmNO0wE+QBLHwBqdJHcZgYhPygP5/0rZ91W/yxp4E/uqxB6D3545fdZJ/v08cH9FmIwwYWuIAZiCfwcH1dvWc/yBSiNbKttcQtjdj3+qf4eVLLPGLI+359k+/arSxPo2vXEa1c4gSjCCBh0HOd80zTYPQjZ54y5/6a/wAaUO4yH2OkVlR+Mb9FtNOWh/dXu7x/DnTNO2sNI/SXU7+HnUxHoWw/PF3v0VraPQxhfzq/8E/w1GlE9yRCcJ0itpKmWtt66wRPcwPJhqQfGNprTc4jazHLcJA2bKQSPLkfDarAHobwn51iP/1/4K2D0PYT85xPxt//AB1OlDuSKzu4m2dQxB8Z8KTl+YYz/Pxq1h6IsJ+cYj42/wD469j0S4T84xHxT/BTSiO4yqled4+Pn/PLegSCCrbd2mvnyq1x6KML/wBe/wDFP8FZ/wDpVhfzjEfFP8FNKJ7kiGdDcZcucQw3WNmykhSYnUGZjflvV6VC+Dej2xhryX0vXWZDIDZIOkawoNTSiSSpFJScnbM1q6lZzZVnvgT8a20VJBgCs0UUAUUUUAUUUUAVAfS/xfqcD1Knt4lxbHsjtOfKAF/t1PqoX0l8V+6eJm2pm3hlFsd2cwzn45V/sUA0O4s4XxIp79CnC+sxbX2Ei0hef69yUX9XrflUN6SYqctsVdfog4X1WAFwjtX3L/2V7Ce4hS39upZCJ7RRRUEhRRRQBRRRQBRRRQBRRRQBRRRQBRRRQBRRRQBRRRQBRRRQBRXljAmud+P9OsZiL1wi9dt285CW1YplUGAGywS0byd5oC1un3Tm1w+2UVlfFOPvdvfLP23jZRuBu0QOZFGcJx4W71jkXGLFmJYSxJkkzzJJrRiWW5OdTmOuYbz3k8/fTdYuZGy6b1IH7pPibd24l1LaKsiVFwSfgdB41c3QjpXg/uKzae8iXLNtbToW1BtgLIjdTEgjv7waoXHYmMqiCAQ0+VO3DsfaRQwtjMdSTvJ1jyFAdD/+J8H+c2/jWP8AxPgvzq0PNwPrVEt0i/qik9zjs8qUQdBp0gwZ2xdg/wD5U/jSq3j7TerdRvJ1P0NczXeJzypHcxIO6j4Uok6uBrNcoW8dcT8W7p7DFf2SKX4bpdj7fqYy+PauF/lckUoHUFFc+YH0rcStxne1dH/3LYBPvt5fpVl9BOnycQZrTWjavKuaM2ZWUEAlSQDIkSCOe5qATiiiigCiiigCiiigCiiigCiiigCiiigCoD029Hi4+6MQmINm6ECMCgdGCliCQCCG7W8nQDSp9RQFGXvRVxJD2LuGuDl2nQ/DJHzrQ/o94kPWw6t7NxD9WBq+qKA55v8AQPHc8Ex/QP0JpI/Q7HLoMDd9yT9K6RoqbBzQeiuP/MMR/wCmf41leiHEDtgL/vWPq1dLUUsHN69BeJH/AJG572QfW5Sm16POIt/yTDzu2x/7ldD0UsFDWfRhjjvYtr7V0f3SaXWfRRiz633MvmzMf/5/vq66KiwVRhfRI09vFIo5i3Z1/SZ4/VqY9GehmFwMtaUvdMg3bkF4MdkZQAq6bAec1JqKAKKKKAKKKKAKKKKAKKKKAKKKKAKKKKAKKKKAKKKKAKKKKAKKKKAKKKKAKKKKAKKKKAKKKKAKKKKAKKKKA//Z'),
(2,'data:image/png;base64,/9j/4AAQSkZJRgABAQAAAQABAAD/2wCEAAkGBw8NDw8NDQ0NDg0NDg0NDQ0NDw8NDQ4NFREWFhURFRUYHSggGBolGxUVIT0hJSktLi4uFyAzODUtNygtLisBCgoKDQ0NDw0NDysZFRkrNy0rKysrLSsrKysrLTcrKysrKys3KysrKysrKysrKysrKysrKysrKy0rKysrKysrK//AABEIAMkA+wMBIgACEQEDEQH/xAAcAAEAAQUBAQAAAAAAAAAAAAAAAgEDBQYIBAf/xABREAACAQICAwcOCAsHBQAAAAAAAQIDBAURBiExBxJRVXGTsxMjQUVhcnOBkaGxwdHSFyQyNVJklMIVIjM0QoSSo7TT8AgUJXSDssMWQ0Si4f/EABUBAQEAAAAAAAAAAAAAAAAAAAAB/8QAFhEBAQEAAAAAAAAAAAAAAAAAAAER/9oADAMBAAIRAxEAPwD7iAAAAAAAAAAAAAAAAAAAAAAAAAAAAAAAAAAAAAAAAAAAAAHnq39GDcZ16MJLapVIRa8TZ6D47pbHr9V8NW5/iKgH1V4xarbd2y5a1P2lt47ZLbe2i5bil7T4DW2nnmy4Og3pHYLbf2X2ij7SD0nw5bcQsvtFL2nPE2eebGDox6W4YtuJWX2il7SD0ywtdsrLn6ftObpssTCOlXpvhK7Z2XPQ9pF6d4RxpZc9E5mmWZBXTr0+wfjSz51EXugYNxrZ86jl+RBgdRfCFg3GtnziK/CDg3Glpzhy0AOpfhBwbjSz5wfCDg3GlnziOWioHUi3QMG40s+dRL/r7B+NbLnonLRVAdSrTvB321sefgSWnOEcaWPjr016zlpEkB1KtNcJfbSw+00vaTWmOFvZilh9po+05ZSJIDqdaWYY9mJ2H2qh7xcWk2HPZiNg/wBaoe8crIkkB1VHH7F7L6zfJcUX6y4sZtHsu7V8lam/WcqwXcPRBLgA6up1IzSlCSlGSzUotSi1wpoka3ucr/CrPwc+kkbIQAAAAAA+P6Xflqnhbr+IqH2A+P6X/lavhrr+IqFg0+vLWeaci7Xes805FRCbLE2XJssTYFqbLM2XJssyZBakWpFyTLUgLciDJsgwqgGfJ49fYKJvudzUBUFE33MtfY1lQKoqiiKoCSJIiiSAkiSIokgiSJIiiSAuUz1UzzUz1UkB0Vud/NVn4OfSSNjNd3Pvmu07yfSSNiIoAAAAAHx7TB9dq+Guv4iofYT43pk+u1vD3XT1CwaXcS1nmnIncPWeeTKikpFmcismWpMghJlqTJSZakBGTLUmSky3ICLIMqyLCgKzg4vJrJ+oiBUFCUoNZZras13UAJJkCqYE0ySZBEkBNEkyCZJBE0STIJkkBepnronjpnsoAdGbn/zZad5PpJGwmv6A/Nlr3lTpJGwEUAAAAAD4xpo+u1vD3XTzPs58V01l12v/AJi66eZYNGry1nnlInXlrLEmVFJSLUpEpMtSZBGTLUmTky3JgQkyDZJkGFRbIMkyLAoVKAAEABJFURRJASRJEUSQEkSRFEkESRJFESQFyme62Ws8VMyFotaA6J0D+bbXvanSyM+YHQX5utu9qdLMzxFAAAAAA+I6by67X/zN108z7cfDNN5dfuF9ZuumkWDRqz1llsnXlrLDkEJMtyZVsg2BGRCTKyZBsCLIMk2RbCosiyrKAVlFp5NNPgayZEZ91vl1gAScWtqazWazWWa4SJXPu7NncQFUVRFEkBJEkRRJATRJEUSQRNIkiKJIC9TRk7Fa0YykZXD1+MgOhNB/m+35KvSzM6YPQn5vt/8AV6WZnCKAAAAAB8G04l8ZuV9ZuelkfeT4DpzL41dL61c9LIsGlV3rLLZOu9ZZbCDIMNkWwKMgyrZBsKoyLKtkWwKMoV26uEjmuHzS9gADP+smUz/rWBUFM+UZgSRJEV7P68zJICSJIiiaAkiSIomgJImiKJoIu0jL4Z8peIxNMy+ErOa5UB0FoV+YUP8AW6aZnDCaGfmFDlrdNMzZFAAAAAA5705l8cu19auOkkdCHOmnc/j16vrVx0jLBqFaWstNk5RcpZLuvNvJJLa2+wi08ss1KMlnlnF5hBsi2UbIthRsi2GyLYBsiw2RYEobVyr0nptmoPfSp79ZNZNLbnt1przdk8bZGUstbz2pasgMhOcXPf8AUVvdWdNPJPVltill5CfVqe/cuoLePfdbzySzTyW+yz1Z+Y8v9yq9T6r1KTp77e75Om9fBlvszz5P6E//AF9oHoms5T3sHGO2OvPLP9HXtyKTot5Zehkba0qVpKFOlOUnsX4i87kWqsHCW8lFqWtfovzpgeiccovlh6JFtFN7lns1BATRNFtEkBdRNFpFyIFxE0W0S32XoCPRSM1g3y48qMHSZncE1zXLl6AOgNDfzGjy1+mmZowmhn5jQ5a/TTM2RQAAAAAObtPJ/wCIXq+tV/8AezpE+FaY6C4tcXt3WoWEqlKrXqzpzVe1jvouTaeUqia8aA+aVJL8ZPZKOT8qfqLdWcc1vItLepPPsteN93zG1T3Nccev8GVPtFl/NLb3Nsc4sq89afzCjVWyjZtPwb43xXW521/mEHuc43xXX5y398DV2yjZs8tzrG12ruPFOg/vkfg7xviu4/ao++BrDZFs2Z7nuNcVXP7p/eKPc9xriq5/de8BrOZbrPV44+k2h7n+NcVXfkh7xF7n2MvtVedh7IL1gWoXO9tYx4Zzb8UG/UeWrShHUoLxt+0y09CMbcOp/gm6yW+y1Rz1prh7pi7xNNrVqbQRcwquqdWOSUfxoZpZ7Mp//DF4m+vvlmZjCNH8QvE61jZVbmFOahOdNJqNRJS3u3gkvKeitoFjU5b94Vd569ihlr8YVrSJJmwrQDGeKrv9mHtJrc+xriq68lNfeINdTJpmw/B9jS7VXX7r3icdz7GuK7ny0V98o15MnFmwrc+xriu5/aoe+XI7nuNLX+C7j9u398DXkVfY5fUzZI7n2NcVV+dtl/yE1ue40+1dbnrRf8gRgKRncC+Wu+9SPRS3Psb4rq+OvZ/zTN4PoNi1OSc7Ccdeb69av0VAPrmhn5jR5a/TTM2YrRe1qULSlSrQ3lSLquUc4yyzqyktabWxoypFAAAAAAAAAAAAAAAAAAAAAA5CvpZzk+GUvSdenH92823wtsD7X/Z7l8SvVwXyfloU/YfVT5N/Z6fxW/X1qm/LRivUfWQAAAAAAAAAAAAAAAAAAAAAAAAAAAAAAAABGpUjFZylGK4ZNJGqbp9hfXGHVI4dXnRq0861SNHqiuK9KEZPqNOUNak3lq7OWXZOaa9env3G7VTq0XlJXKrOpF93PWB1pWxuzp/LvLSHf16UfSzyz0swyO3E7BfrVD3jmC3rWv6Dgu4s16Ue2niCh8mMJbCjo2rpphcYyl+ErN71N5Rr05N5LYknrOXKqzy5DIX2LyqreN04Q+jDVnytvX6DHuovpR8qCPqe4dj1pZwvqV3c0bdznQq03WnGmpreyi8m9uWS8qPqcdMMLfbOw8dzRXrOXaFx1OSnCajJbGmv6ZknjMprJ06TfDFNebWB0vT0jsJ/JxCyl3tzRf3j3UbulU/J1ac+8nGXoZyjVuYv5UI+cx1e4t083GkpdhqM8/KRXYoPhO4naYlWuv71Ctc0sPoxyqU7jq7oXUZxkkqSb3rcWk98tmrhPuwAAAAAAAAAAAAAAAAAAAAAAAAAAADzXlhQuFva9CjWj9GtThUXkkj0gDWbjc/wap8rCrJeDpRo/wCzI8U9y3BXqVnOOf0bm69czcwBoFXcewaX/auY97c1fWzzy3FcGfYvF+sP2H0cAfO4bjGDL9C7fLczXoPZQ3J8Gh/49aXfXVx6pG8ADVKW5vg0O11KfhZ1qy8k5My1ho1h9q87fD7KjL6VK3pQl5UszKgAAAAAAAAAAAAAAAAAAAAAAAAAAAAAAAAAAAAAAAAAAAAAAAAAAAAAAAAAAAP/2Q=='),
(3,'data:image/png;base64,/9j/4AAQSkZJRgABAQAAAQABAAD/2wCEAAoHCBUSFRUWFhUYGRgaGhgZGBgaHBwYGhgaGBkZHBgZGBkdJS4nHB4tHxgcJjgmKy80NTU3GiQ7QDs0Py40NTEBDAwMEA8QGhISHDYoISs4ND0xNDQ0MTY0MTQ2NjExMTE0ND00MTE0PzQxQD80MTE0PzE3NDQ0NDQ0NDQ0Njo0Nf/AABEIANYA7AMBIgACEQEDEQH/xAAcAAEAAQUBAQAAAAAAAAAAAAAABQIDBAYHAQj/xABHEAACAQIEAgcFBQQHBgcAAAABAgADEQQFEiEGMSIyQVFhcZEHE4GhsUJSYpKycoLB0RQjM1OiwvBDRKPS4fEVFiQ0c4OT/8QAGAEBAQEBAQAAAAAAAAAAAAAAAAEDAgT/xAAfEQEAAgICAgMAAAAAAAAAAAAAARECIVFhEkEDBHH/2gAMAwEAAhEDEQA/AOzREhM9z9cKVUqWZgWABsAAQLk+ZgTUTR6vG7fZoqPNyfoBNdxvtYNMlWRVYdhpvf5sNvGFp1qJx4e1au260rjncUXP+eWl9rtWwOhLE2BNN7E919cI7PE5dgvaTWdQ3uqZG/Y6nbbvMn8m45p1WCVl90x2DX1Jc8rmwK/TxgblERAREQEREBERAREQEREBERAREQEREBERAREQEgOKspGIpqRYVEJ0MfG11Y/dawB7tj2SflDoGBB5GB888VYpmUojsjqWV0vpbUCOiSD2WI7t5pa49x0al3XtVyTb9kndT4j5zrXtSyladRK+nr2puR94C6P8VBH7gnPnwqNubfvC3pqECfyTNTppU2ruq6f6hmZwGQbGk4W/TW4ANrFbcrASp2w7aqZZCjA3IB0kLzZCBe4Ive21pAZnRapTVFUDQ1xv2WIO/pMWrhyyaTQQP/eB2BJ7ypJF+/vm0fYyjHxqK/GM/XxnLy3fUr+Po6kNEPqKElWFwtVCbo4B3sd9uyReAzGrhmAuSvap3BHbbuPiJmOhIUKiIVBsylixO25Jv2js7zKveMFF9Oq+5W4B8TcDeYRL0TG9O1+zri0Yi+GqE+8RboTzZBzU/iXbzHkTOgT5fynFVqFalXQHWjh0G93t1lUc21LdTYHZjPpfB4pKqKym4IDW7RqF7Edh8JXLJiIgIiICIiAiIgIiICIiAiIgIiICIiAiIgJBcXZ+uXYZ67KWIsqIDbU7cgT2DmSe4GTsiOJMmTHYd6DmwaxVhuVYbqbdviO0EwOKZ7xjVxyI7lSuqxRRZE321jck9xJkKcZTPJEF+1QFP5hv85n5pwVi8C7EAgjqFDcOv3k77bXU7i/btJvhfjqkP6nH0EdT0feFFJHZZ1I3+vnygaLVrurHQx09l7MfVheXKWYP22PwH8J3P/yTlWLQPToppPJqTsg/KpsD4ESPr+yPBN1auIX95D9UgcywyK6qxYC99tN7W1dpPcO7tmJVYi+k28VAU+onUk9kOHH+81/Sn/yyUwvsywKW1+9qeDvYf8MLOYib3LXPPHLGIxip99uI4EVWqaaKM9RuxdRcjtvp3tvuTtJ5cjzand1w1UW5lCS/fyBuRtO75ZlNDCqVoUUpg89ChdR72I3J8TJCdMnz/g+Ocwwp01GqBhzSqCWt4o41W8iJvXC/tSoYkhK4FJzsG3KMfqp8N5vOY5bRxCaK1NKi9zgNY94vyPiN5yvjD2fUqO9IMqHk5OvSxJ6Lg9YcrE79l+8Ou0qisAykEHkQbg/GXJ895TxHjsoYAk1KN+qSWQ/sseqfA9206pkXtCwOKS5rJSYWutRlXf8ACSd4G4RIBOMsvPLG4f8A/RR9TJBM2w7C4r0iO8Ovb8YGfEt03DAEEEHcEbgjvBlyAiIgIiICIiAiIgIiICIiAiIgR2b5auJTS3Pmp7Va3Py7xONcQZPTqI7Mul0DdJeZK/ZYfa3Fu+d1mo5jkFGpiQLEh21VFv0T9puW4v59sDimSZxjMvYmjWCdhpsCV8ih/wC47JOj2kZpe/vaR35aFt5d9vjOpZbwBl9BXH9HWpqNya39aR3BdfVG/Zue0mZL8EZcf9yoj9lQv6bQOX4f2q5gg6aYZgLXbQ+rc2GwcDmZv/AXFz5kK61Kao9IpcoSVYPq2sbkEFT2kG48QMir7PMsbnhQP2alVf0sJK5HkOHwKFMPSCKTqbdmZj3szEk/E7QJaIiAmHmOFFam6H7SsN+wkdE/A7zMlHK5/wBbQOOZvkOJqq1FaLMwILKpQFgpFwpYheZB37rczI1PZNjWRW04dWYXKM7Bk7gxRSpNu42nXsnTVUq1D4KPj0j/AJZNQOBP7J8eP9nhz5VW/iolCezLMKZBGHpmx301U3Fjdd7c9p9ARA1ngHKK2DwaUq5HvNTsVU6gmpiQoPzNtrkzZoiAiIgIiICIiAiIgIiICIiAiIgJFYRdVd2+6Lep/ksk2NgZH5SvXbva3oP+sCSiIgIiICIiAmNin0ox8PrL7cph5sbUz5iBTkyWpg/eLN87D5ASQmPgV000H4V+kyICIiAiIgIiICIiAiIgIiICIiAiIgIiIFrEGyt5GY+Vr0PNmPzt/CX8V1TLWXf2a/vfqMDLiIgIiICIiB4ZGZ2egB4/wkk3KRmbm6r5n6QJKmLADwErngnsBERAREQEREBERAREQEREBERAREQERECxiuqfh9ZRl/8AZr8f1GVYg9Fvh9ZTl/UX979RgZUREBERAREQKX5GROaHor5n6SVqcjIjMW2HmfoYEzPZ4J7AREQEREBERAREQEREBERAREQEREBIniFazUHFEnXt1TZitxrCkbg2vy37pLRA0zhbC41EY4lnI1MEDtqfRcaS5ubkm/P5Cwm05f1B5t+oyqo4ZLg3BAIPeDuDKcv6g82/UYGVERAREQEREC3V6p8pCY9th5n6GTWI6reRmvYp728z9DA2UT2eCewEREBERAREQEREBERAREQEREBERAREQMDC/wDt0/8AjT9IlzL+oPNv1GY+WtfDJ4KR+Ukfwmj5pn9WniHpB2CC1gp0kagCfPcwOlyy9dV5so8yBNHoB6oB1u1/vEn6neZVHLDflt4QNkrZzh0FzVS3gb/SRNTjjAqdPvd+zosoPPkWAB5S+MspKLll8m6Prz+k8ophEPVQHvFreoAMCo8Qg7rSc35XIX6XlmrntXktJQTyuS3LytM58dh0Gz0viw+guZD47NUdgQ19N7aRbnztA9bN8Q11YIAQbjSQR5dKWKbuxsbEb8tjyPZMc4pD/smfxPMeII5GVUM9XCVtFQBqLhWSpbporEgq9utpYWJ52sd7wN4U3AlUtUqisAykFSAQRuCDyIPbKgwPIwK4iICIiAiIgIiICIiAiIgIiICIiAiIgQHDtbVhnvzWti0/Jiaqj5ATnubYZ6mMqaSpPQ2JseqvLsm48LOV/wDE6R+xi6zDyrKtX6u3rNJxBQZmztcMdCKeYsbfzgb9w/SCUtFQabn7Ww8NLcr+RkvQfTbVurW0sRZhfkrg/I/A77mxkWLR0KhlLKzKwBF9ieYvttY/GZzYNDewtfnp2Bv3gbH4iBj5rgadZbMdJHVYcx/MeE5JnGf1MPVekuHR9J6LivqRx2EBV28ibidAzng4Yi9sTiUPcKjaT5239LTn2Y+zbHULmg61V3Okm5N9+Tb/AOKS1pGPxJjG6q0E8kdyPizWPpMd8zxr88Sy+CIiehC3+cxMUcThjbE4aolvtAG3z2/xTyjmVJ/tgHubon57H4S2UVqdR+vWrP8AtVHI9L2lNHLqYv0Rc8yCQfUGZpE8UQjOy3G4ijoVMTWVEJKprum/MWI3G/IzPoZ5jab60xLM3YKgVkt2jSoWRdOXiYVt2C9pFdLCvhQ47Wotv56Ht9ZsOX8f4GqQDVNJvu1VNM38zsfWcvvPHUMLEAjuIuPnJU8lx7h3fD4hHF0ZWHepBHyl6fP1Ch7s6qTvSPfTcp8ht8pOYHi3MKNgKyVl+7VSx/On8ouVqOXZYnO8F7SrWGIwtRO96ZFRfTYzZct4vwWIsEroD91+g3o1ouEpsEShXBFwQR3jeVyoREQEREBERAREQEtV6yopZjZVFye4S7LNcgDflcX9RA0YVTRzGuBumJRqg7OrRw4U2/8Arf8ANNM4hRwjV6SFqhqFbjpaQlrMq27bj71rTslXA0anSKK2xAYcwDzAYbgeUi6nCOHOy61G5sHJFzz2a/dA5dl1LEkFnJV2Oo2I52AvYHntNvy3Pq9FQupqh/Gbj13Mz824cFClVqq5YIjPpK2J0gmwN7X27pz7JuI1xbVFVCmgAi5DXBNj2CxB+sDpWD4s7KtO3ihuPRrW9ZLUs2o1bBKwU3BIYWJA5rZrc+8TmpYntM8hXW6lJWFmUMPEAzWs24BwGJuWoKrH7SdA+Ztz+M1TCZnWpdSoyjuvdfynaTmE4yqLtURXHep0n+IPykouYQmI9kqoD7iu452BOn5r0fVTNYzfhfMMJuafvkHaq9K3mvP8onXsHxTh6mxYoe5xYfmFx85M06isLqwYHtBBHyii3zbTzhFOmojo3aCL29Nx8RJLD4lHF1dW8iD6jsnccyyLDYkWq0UfzUX+Bmi577K8M51UFqJ+wysQf2XI6PkwPhGzTTbz289xXB+OoNppV0qc7JUvTdrfdp1bEjxDGRmIxOIw504nDPT72AIH+LY/BjFrSSvPbzAw2aUqhsHAPc3RPz5/CZpMqKw08qIr9ZQ3mAZReehoGThK9SjvRr1afgrkr+VriT+C42xtPZ/dVh4g029RcTWdUB5KhbdEwftHoHavSq0j962tPzL/ACmyZdn+GxA/qq9N/AMAfQ7zjPvJYqUEY3Ki/eNj6jeKlNcPoEGezhODzTFUP7HFVFH3XPvF9G3+cn8F7RMZT2q0KdUfepsUb8rbRc8FR6l1iJp+G48pVNIWhWdiQCtP3b6fE9MbTYcJmSVACLqT2MNJ8r8ifIyoz4iICW6iBgQeRlyIEFV4eS+pGZD+EkfSWqmXYpepiX+Olvh01M2KIGp5rRxdWk9NlQ6lZQwBBBZGW5ANm6x2miZXwa+D1tZmdubEW2BuAAP9cp2eUFAeYEDkz4Z15qZaKmdXqYJG5qJh1siot9m0K5rPJvdbhWmeRtI+twiw6pgapLlCu9M3R2U96kqflJatw3WXsvMGrllVeaGBI4PirEJYMVcfiG/5lt87ycwnGFJtqiMh7x01+W/ymlPRYcwZbIlHUUxGHxSldVOop5obNf8AaU/xEisbwqCD/R69SgT9jatRPgaNS4C+ClZoY23kng8+xFLq1CR3P0x89x8DIiOz7hepTua+W0667k1sCzU6gHe2Ha+o+AJE09MqwTk/0bMDQftpYpTRIPczi6fWddwnGfZVpfvIf8rfzkPxBxxgn1IaD1At9TkIoBHOwe97fiFvrJMcOr5aDicpzLDjU9EVk/vKdnBHeGS/zWWMNj2fZqVRD2krdRf8X8xN6ySnSqo9TCaF0ka6YR6FVb8ta4c2YfiFxNjo4WhiUV2SmWtYsoBAYcwLjl4ETjH5Ly8Zip7d5fHUXExMdOWM4HM27N9vrLT41F5uPhv9J0PHY2nQpuldE0joPZBpcOQAbG9gdQ5TieaUfd1q1MXISo6L2mysQtz2m1pozT9TOaY5XMxKmf8A3U9Tf+Ui8Nl1ap1KTt5KSPWSuG4Oxb7lAg73YD5C5+UDDqZ3UPIgeQmLUzB25ufWbRh+Bf7zEKO8Ipb5m30krhuEMMvMVHPidIPpaUaDl9R/fUmQtqV1sR2bi/ltf0nZHxVan7s6QRULOTsCg0kn1cf4jI/JeGGqOVWgmGX7FVdNWoDdb9FlIsRcc9ttjOmrklHYsmogWGok+PLlzJkRn0GJVSeZUE+dt5dngnsBERAREQEREDyIiAiIgJQ1NTzAlcQMSpl1NuaCYNbh6i3ZaTMQNWr8JIeq0j6/CTjqm83mIHNa2QVl+zNazThurcsoLfhbu7ADyIttY+s7eRLb0FbmogfP+T5k2BxVJ2Zku5p1L9GyNa+vuC3Vt+6dAbir/wBUaS0w9I01qCuhGksxF16I0sTe973m05lwtg8SQ1WgjkciRvbuPePAyvDcO4ekAqoAo5KAAB5AQNOzWquIcEIxUAbFQbkNqBIPcbekxsNkm5ZMMgYkksVBYkm5JPO9zOk08DTXkg9JeCAcgIVotLIMQ/PYekzaPCRPXabhEIgMPwvSXnvJChlNJOSCZ8QKEpqvIASuIgexEQEREBERAREQEREBERAREQEREBERAREQEREBERAREQEREBERAREQP//Z'),
(4,'data:image/png;base64,/9j/4AAQSkZJRgABAQAAAQABAAD/2wCEAAkGBxMTEhUTEhIWFhUXFxUXGBgYGBcXFhUVFhgXGBUXFRgYHSggGBolHRcXIjEhJSkrLi4uFx8zODMtNygtLisBCgoKDg0OGhAQGy0lICUtLS0tLS0tLS0tLS0tLS0tLS0tLS0tLS0tLS0tLS0tLS0tLS0tLS0tLS0tLS0tLS0tLf/AABEIAOEA4QMBIgACEQEDEQH/xAAcAAEAAQUBAQAAAAAAAAAAAAAAAgEDBAUGBwj/xABQEAABAwEDBgcLBwoEBwEAAAABAAIDEQQFIQYSMUFRkRMiUmFxktEHFDJTVIGTobHS0xYjQmKiwfAVFzM0Q0RkcoLhY6Okw3ODlLKzwuIk/8QAGgEBAAIDAQAAAAAAAAAAAAAAAAECAwUGBP/EADsRAAIAAwMKAwcCBQUAAAAAAAABAgMRBAWREhUhMUFRUqHR4RRhcRNCgaKxwfAz0iRTcpLxIjI0YuL/2gAMAwEAAhEDEQA/APcEREARFrbzvdkBYHNcc80q3No3ndnOBp0VURRKFVZKTbojYPeBiSAOdYD78soNDaYAdhlYDuqtLLlgzQIiRzkU3LFkyojP7qw9OaT7Fror1ssLo4+Tf0R7Vd1ofu811OkbftlOi1QHolj7VkxW+J3gysd0OafYVxYymizsLJFzGja/9qp8poq1bZYq6zmtB30UO97NxP8AtfQtmy08PNdTvM4bVThBtG9cJFlNG6o71i6o7FR1+xU/U4KfyN7FDviyra8H0Duy0J0pzR3geNo3qoK4I39HqskFf5G9inFlE1uPe0LTzNAUZ5su94MZstG5Yo7tUquFZlWHDGzx7sFq7RbIJX8azQ83EZTZyccEivmzLVV/BlldVorpVPienpVebR2yFtK2SBwAoM5reKNgw0cyuRW+ysJLbBZWkmpzYmAknSTQYnnRXzZaaW8GVd12iuhLFHoqLhGX6wfusQ6BT2BWm5Vgmghj163dqlXxZXteDCuu0vUlij0BF587KgnRFHo1g7sSkOVjz+yj3aAozxZvPAtmq0bliegouFZlc/VFHVQfltLiOBZ61KvizPa8ArqtD2LFHeovPflma/oIyOj+yoctSKFsEYI5tFdNKKc7WfzwGabTuWKPQ0XMXFlOZnBj46OJwzThSlamv3bV069sifLnw5UDqjxTpMcqLJjWkIiLMYgiIgCIiALjcvPo81PvXZLjMunY0/l+9a29n/DP1X1Nhda/iYTlBaNu/tThCKnTVYquMcuTaqdZ7NItkKbn1AFNCq5tRUJCQDinmWKNFDxTissMIxLvMsYPAdUBXnWkbMVSOuwpEnsJ8Hr0a6dqsvkzuLSn40KQmDecnEq1Ga1P4xRLayEnrI4t0HBGsIxR79im11Vdt0LupdY/PqKUG1VDMKV069fn51ZhlzSdimJQDhiDq2HoVGnsMbhKTtcB4VR0UVlzG0wNSr084IoAoRPAGhWTdNRMKdNJF0mcRXBQikLSqgKmbUq2ilC+STbMRXQouGuuJ2KuakenBRoIoiojpjp/HOrEulXZa61SWhpQKyCW03OSD3G0x7K9q9PC8zyNNbSzmrX7ulemLo7lVJMf9X2RzN8frL0+7CIi3JqQiIgCIiALjctKF1CaYN+9dkvOO6Td9mkeTK6MOLWDjCAmgNRThGk6vatdemT4d5Tpp2Kp6rHMcuaokvsaghlaVAA59JVJmsAqCB51zX5AsPjYt1l+GptuCweNi3WX4a5XJl8Tw7m8zjGvd+bsb1srKeEK9KiJozpcBup7VomXPYtbof8AR7P+H5llwXFd5HGkgB2f/jPr4JZ1JlvVE8O5GdHwfN2NsJWanNp0jWoyyN5Q3hYTbiuzxsG6x/DURct3V8Kz0rprYtFSNHB7KFZVYYeJ4FM6te583YzGysoRUE9IVWZutw3hW4Lhuw+E+zt/6E/7Svtyeurxtn3WH4SzZuhfvv8At7kZ5fB83YsOkbXwhvCiZW8obwsh1w3YCaOsxGr9QGof4XTuWRZ8n7qNc59lGz9QP+0siutcfLuTnt/y/m7Gv4ZvKbvCqJ28sbwtx8nLn8bZd1g+EsW0XDdQPFfZSKfwINcf8Lo38ys7qhXv8u5GfH/L+bsYstpjOh7d4WTDJHQHObvHarTbjusnF1lA21sJ1Y/s9v42SdcN0+Ms26x/DWGK7IUqZbw7lHe7aooOfYuNmYDg5tDpFRgVYtE0YcKPbvCtT3JdYpmusx01/Uxs0fN9O5WBdF21x72G01sfw+j1+fHm+Bacp4Eq9Yk65Cx7GYZma3t3hRinZTw27wsd1yXX4yzf6T3Fiz3Rdo8GSzH/AKQaj9TbTesUVmgWjKeBdXrFwLHsbEzMLgM9u8K9LMzQHNA1nOC51122DHGz6/pWTRq+h0+rzSddN3eMg/03uLDFBKT/ANzw6MtnKN+5z7Hc5KTMNpYA5uk6xU4L0heN5B3fYW22IxPhLxUtze986uaRhmtB16l7IuhuaFQyYslt/wCrb6I09tnObMUTVNG+oREW3PGEREAREQBWZrMx3hsa7pAPtV5UKhqoMQXdD4mPqN7EF3Q+Kj6jexZNETJW4GP3jF4pnVb2Kvecfi2dVvYryqoyVu5IFkWVnIb1R2KXe7OQ3cFcVFOStwICBnJbuCcC3kjcFMBVSiBAxN2DcnBjYFNCpoCgaNipmDYFUBVSgIcG3YNyGJvJG4KaooogR4FvJG4JwLeSNwU0qlECBgbyW7gne7OQ3cFKqBMlAtd7M5DeqFQ2ZlPAb1R2K+ouTJW4FqGBgNQ1oNNQAKylaj0q6iQCIikBERAEREAVCqqhQFCqBHIEAKKqICiKqpRAAqoAtFlLayAyFumStedoIGbUaAS4V+qHKkyYpcLiZKVXQt3hlAc7g7MzhHco+Bswp4Q56hvOTgte+xWuXGW1OaOTHxQOarc3116VsIImxilQK6SaAuP41DQMAq223RxNznEmuADWl7nH6rWgk9Oga6LwRwxzNMcT9E6JYaX8XTyMlUtRqX5PUBcbTOKYk5+imlWIY7YxzhBbC/NoS2QFwxrQZzq44aqK3JlU17zFSOPiuq172ulqK8UsaaNNMfCIodSlkZOJDaHNxbntaTTAvAJdQ6+K6PeqqWvdqvRtE5UW02115VccQ2uPgZDgHfs3dB1byOfUunK5u9LvZMwseOg62naOzWp5HW17o3QyGr4Tm10ktxAqddC1w6AFmkT41GpczTXU/TY/P8oVihTVVgdEhVaJRe4xkVVEQFFQhSCFARj0q6oMGKmgCIiAIiIAiIgCwLbesURpI6nmcdPQFnriMtJTnkD6vsqvFb7RHIlZcFK12/E9Flke3mZBvflLZvGfYf2KTcpLN4z7L+xeb8M4FSbO7oWid9WrdDg/3G1zLFv59j0kX/Zz9M9V3YpflyDlnqu7F5z30/URuVDeMgww3LLDfU3alg/3FczTHtWPY9JF8Q8o9V3Ypi9YuUdx7F5q29pa0qNyvNveXTUDzA71kz1FtXLuVdzTVtWL6Hc3rbXOjIs8jWyYULwc2muvFK80v67bwY9jnWpsjnkgODpGhmIwq+tNNcKDB2hbhl9S7RuCx7wvSSRmZJQg4ggCoI0EfjWVSbekExanXZu+vMiG6ZyezF9DA/N3a5TW0W1pNR+zMpaBTQXFvG56eZbO98m7VZ7G9tiljz2tcSXMLXEDEkOaTV2nAjcsm5MpswCO0VoMBIMcNjtZ6dPtW5kvtshMdnZwxpia5sYqNbqEnXoGpeyXNkzEnDr3bfTRrNfHLmS4nDEqM8fyNyIt09pL7Q7gPm4pi57c6RzJC4NEY0B1GY5xq3AEGpC9ru2744I2xRNoxtecknFznHW4k1JXO5RXybHAJbQ6NnB0a1wzi9xp4DRXjlwGIwGFcKVHPXF3W+HmEZsM2YSAHx8ciutzKUA/qPnXsrricNOWgw/E9Kctbk9M1ss7yaB2bTA63PcPPmlh/qWuvS/gatYK8x0H+emhv1dJ0GgrXXWS9JACKitSSaCpJxJK1Vot0qCZDEtOTV6NOxr7mwkWCdNgcSVF5/46HoJvWLadxUTfEPKPVK4B98SZ2nDoUXXpIRUKHfT4eX/ozZnm71j2O+N9Q8o9UqJv6AfSPVK4Bl4SEE4YcwUXWx5++gGCxxX3N2JYP9xOZ496xfQ785R2flHqu7FB2Utn5R6ruxefG1PGJxHQovmcXUHsWLPVq3QYP9xfM0W/n2PR7DfsMjwxjiSdHFI9q2685yWce+WV2/cvRlurttUy0y3FHSqdNHojW2uzeHjUPkERFsTyhERAEREAXEZYA8I4jVm+wdq7dcPlmPnHf0+fABay9v8Ajv8ANjNjdf6/5vRyxrXOwUJH1OCuyVpzKkDBQ7VyWrSdZWiqQY+io55NFfkDQKUVmN1ETrpoFp0kHmpxRXCeNiFmEc2COOhLjydhjcJtBGxWyS5ZcbNI1alXvalQ2tSaDHCgaCa8+zpPQMsmS5iicOynPVTA88c+CW0n58jDBphRQZDjVtQdoNFkPicaUAJIFQHVcATTwaVcMDoV2GAnMP0SWA4kGjq831TsWWGyzdGjX6GObPkRQ/6kn5GDaYg+nCEvzSc3Oo7NJ0lucDTQq8GQNdNw3DSsyGA1JdTDN18oZwOjmPq2rI73xdjiGMLa7SGVrhrLj6tSj2U2OKkWvz+P7WY27NLo1CsPTf6o17ZKClFQLYus1cKAnANofpF4YK4fiqwI5aAEjA1BIOhwbUNPOagD8Ujw0ylaa/Nff4P4ozw2qW06b6fnPAlCK4alfLaaDgsUFXYpQa5y8rT1meKFlJBQaNI3KrnDE1xpqUDJXDaVQinQpoRTeUc06qYJIDg5SboUKE4KVrJN1km6tpZ0r0lec5JwkWlh6fYvRl09yfoRU4vsjmb4a9uqbvuwiItyakIiIAiIgC4jLT9Iehq7dcRlr+kPO1vtC1t6r+Hf5vNldX/IXp90cs9+NNSmHAmg1K3nY0KoCQagLkKHV0Mhjh21WJIcTRUeTXFVa0FWSppJSydJOMZxxV8R00E9CjYmjjk14ra0FBXEDYdqkbQyvgu6w91IoXvMcTbiahT0BwPQDp++qrIwUw01rXnGg9KtmYYih85HYrYfTQT6uxVTa1Mq4Yn7r5dRDGDq0aDsKq1uObjSoO41r01x6TVRZJTWoPnId4QBOr+1eY7lkUcemj5lnDp/2/TqZsjABgADh6tSi1tNWmmPQKD1LXm1gGpkZhprqxpt24dKvRWsnEOBHNiPaocEaWn7/mJRKupVw6mUbODjU12+euPnxVsPcaipx04nGm3aqNtBGxQbINhUKZHtfMlQvbByX5/guPbWlBTBVs7Rr833qnCg6Qd47FcjtDB9F28e6opVUrQs8ulMl8upVsIxr+ArTgakBX7WAxxbpFTp04bVjOadIFAoyWm0xA8pZW/VUqHVoFLhMyoABrm4nSKGuChGMKqEjscFNCzVXQ6PJWQG0M8+HmXoK86yOmPfDQef2FeiBdRcipZ3/U/ojmL3VJ69F9yqIi3BqgiIgCIiALjMtRxtGJaPUa4bl2a47LZhLhQ6WgdGK1t7Ollb9D3XdEobQm/M49rSTWuhXa8yoLMeVgrogNdOC45xw70dO7TK4vr0MO0E1xVqMYrZSWAupxgFVl0O5Y3FZYNMOglW2QlRxcn0NRfE74bNaZI3Uc2EkGgNDns1GoK8v+W9v8ePRw+4vVMr7vMdgtTi4H5nN0U+mzsXg7V01zwL2Lqtpzl5z8ufWCLRRb10OpbldeRpSVxqKj5qPEbRxFSXLC8WmjpS06cYoh7WLsMmrVanXBIIJ3Me23Na0m0CDNj4FhLGve9tBWpzQfMtJfdktlpmsNjtEwke5hc2Yy8PmRySO4Rz5A4hwZwTzg40DdNcBtsiHcjX+0j3vFmoflpeA0z/AOXF7i6PJLuisj4Rt4RGdr8057RHUcFVzGGItDXVcTxq1bnFazumXdA19mtdjbm2W1QBzG4cSSL5uVhAwqDmk87isq9oIBcdmtLbNCJ5ZnwvkDTUsjzqECua15oKuAqac6lQwrSkQ4onob/PidfPl7YrPZ7JgZHERktjcxz4BwWa95zeKZQHZuaaVFQaZoC4nKPuhzzTmSzVgY4DOa7MlLnjBz85zKiuHFxpRbu+7tZd/e0rbBDabudFC58+ZwjpXOA4QukrWJ1TxW4NwAxxXEZHWGOS0B84Jgga6eYYYxRUOZjre4sjHPIEaT1kQtw6UXvlvb/KP8uL3E+W9v8AKP8ALi9xZWXV2NsF5P4JrHQuLZ4Q5odG6GUZzRTW0VLf6V0ndCyPszmy2i7W5ps2a21WcVPBgtDmzxgkksIOOyhOoqMiHci3tI97xZyXy4t/lH2IvcUflvb/ACg9SP3Vl5SGL8n2B7IImSSicyvY2jn8FIY49dG4VrSlTiuUiGI6QpyIdxHtIt7xPoK9HDhH/wAxqrYkFKDZzrbWm7Kucc4YuJ0bfOsWW69hA8391w0yF5Trve066XbJGRCnFqS2Poax58wKk5uxZb7vNMXDDm/uoOsVNDvUsTmQraZfGSeLk+ht8imVnaabejQV6OuAyMjImAroB9h7V366m5WnZqrif2OcvSZDHPrDqovuERFtjWhERAEREAVmSBrvCaHdIB9qvIoaT1gxfyfD4pnVb2KveEXi2dUdiyUUZK3Cpjd4x+LZ1R2Kvecfi2dUdiyETJW4mpwndgha26bRmtAwaMABhUbF8sL6y7qd3y2i7poYGF8ji0BopU4gnTgF89HubXr5FJvZ7yxwuGGKKrS1fQnS0bazGIZPyQGeDh3WoWkRcLHnmIRtYcK+FgeJ4WGiqwMlHizWS02ts8ItJjEUEZfE57WOeO+JDG7XmgtDTiQ9xpShNj83N6eRS/Z95UPc8vTyKT7Pare1l8SxQyWdBDeQt9zyw2q0QNtEU4lswc+GEuBbSWPNbQMGkguABJGOzHvl0f5BssAngM0c8kr4xLGXtZJnhpwdxji2rRUjOxAoaab83t5+RS7h2qP5vrz8hl3DtVsuDesUMlnVZKWg3dbfm7wgfdtXGQGaN4kiINWmzV4Qy6G1DMT9Vae0XgbBZnGBoiltspmDHNY8xWFhdwDXNeCAXvJd0RMOsLHsOSV7REuisczXcrMaXA44tJFWnHSKFW7TkPe0ji+SyTve41c53Gc47SSalR7SHesSMlm9yikbeF22J77TZhbYs+NzHSwR51nc6sZOIawtw4mBxdgsPKHKB1jvd9ssc0cjHZtCx7XsljzGtfHI0GoBLSKOAOAI1Faodzy9PIpfV2qQ7nN6eRSfZ7U9rBxLFDJZnd0m8LFMyxmw0bHwcrjFUVgfJKXvjI1AEmmqlKYLi7MOO0fWb7QurZ3NL1P7nJvZ2rIsvcyvQPaTZHUDmk8ZmgEc6e0g4liKH03Y4GGNhLG+CNQ2K/3szkN6oVLGKRsBFOKMPMr6iBLJXogWO9GchvVCGyR8hvVCvor0ILTIWjENA6AArqIpAREQBERAEREAREQBERAEREAREQBFanmawVcQBoxWDaJyXcSQUporTHqmtajo04qasGzRaVkrxi6dubUU1H6PFrm4jnppJ6BIzPzyeGZmZ2jQQKuqNGOAG47FFQbcmmJVGyAioNRtGIWmla4xubJI1zXMLTUkZxIaDUhtWiufj9YbFKzyFrQzhW6TWhJIBfnBoObVxzDm1NCdOtKg3KLRh8nj2kECmrHN01zcQXCtKDAa64ZdjtYDTwkjSanRXRsOAx0/jATVg2KKMbwRUGoOg7VJRUBERAEREAREQBERAEREAREQBaPKHKDvUtrC6QOGlrmNpzccj2reLlssZ3NLM1mdhtpt5isFomRS5bihWnzMkqDLiyTWnulR+STeks3xVFvdLjJ/U5vSWX4y0Ztsnih13fDQ3hJSnBDHDw3/AA1qs4T+FYnr8G90WD6HQfnIj8km9JZfjKo7o7PJJvSWX4y59tsk5B9I7b/w1kx3pIB+iHne+v8A41lVvm7liV8JFueDNyO6IzySX0tl+Mn5w2+RzelsnxlrGXy/xQ67/hK1Heb9TD6R+ynilkVti20xKuyRr3Xgzc/nAaf3OX0tk+MqfLtnkUnpbH8ZYUV9vA/Rg9L31/8AErnyhcNMQ67/AISurZ6YlfCzOF4MzBl00/uUnpbJ8ZS+Ww1WKT0tk+MteL+NcGHTXCSTaT4nn9iybPlG4YCOvTJIf9pXVrW9Yojw03giwZfOW38FJ6ax/GVDlsPIpPS2T4yocqHD9kOu/wCEsWa/iang6V2SPGof4XN6ztU+KW9YoeGm8EWDMr5cjyKT0tl+Ko/LpvkUnpbL8VYTb+cD+jr0yP1/8tTdfz/FDru+GqO1vyxRKs0zhiwfQzBl5/Byels/xE+Xh8jk9LB761st5SE14LdIRt+pzqzHeb61ERP/ADD7qo7bFspiupPhY+F4Pobf5enyKT0sHvp8vv4OT0kPvrVG9n+J+3/8qzLbZDT5ndJ0Hk83tVPHTNyxJ8JHueDNycv/AODk9JD7yi7ugO8ik9JH91Vo++ZBjwRw/wAT+yOtsp/d/tNVfHzdyxRbwkW6LB9DrsnMp32qQsNmdEA0uzi8OrQgUoG8+3UumXEZFWl7pnB0eaMw41B1jYV2699mmRTJeVFr8jzTZblxZL5hERegxhERAEREAXNZU+E3o+8rpVzOVjqOb/L2rx2/9B/A9lgVZ6+JzL2jE0KtxAa1cMmpWwufUJ0q8yppVUOlScBqUQfaiVCUy41usCii9mtV4So0KEslcKKFWpVVqSDfMoSasFRjxrVNNTXQpoWMoq2G41HnUWSEhAd/MsL0RFaEn1JwCg9uIBKnwmbpVpxJNVlT2EonK3Ac2CrmGm1Wi6upXY5aDHzJWiGmhcqSOdSjFMAoU16lXHVSiqUKT6lUjzYK3nVOKBwxrjsWVLQSVc3EalczcKalZxVx8uIwUtB1N/kgPnXYU4p9oXWLk8kH1ld/KfaF1i3l3qkherOevH9f4IIiL2nhCIiAIiIAudyrs7iA/wCiBiagUxw0rokWObKUyBwsySZrlRqNbDyWW9YB+2j67e1Wo73grQzR9dvavX0WuzWuPl3Npnf/AKc+x5CL5s+uePrt7VjTX3Bp4aPrt9eK9nRVzVprl/L3JV7vg59jxmK/IPGxn+tvarwvWLxrOsO1ewIpzUuPl3Gd3wc+x493/EdErOsEdeMVPDbXpXsKKc1QcTwRGd4uFYnkEV6w0pngKhvOI/tG01mq9gRQ7olt1ynyIztFw8zyB16wmlZG06UdecI/aN0bfUvX0RXTBxvkRnaLhWJ44y9ouWNf40Krr1ir+kHr7F7EitmqCtcp8hnaLhR5F+WYTiJACOlVF+QaeE81D2L1xEzVL4ny6Fc6R8KPHjfMNa5/2XH2BSN8xVGaT1H+6vX0Vs2S+J8uhOdY+FczyU3rGdGd1JPdVxt4MOqT0Mp/9F6siZtg4ny6EZ0j4VzOXySshxlpQEUAIcHajWhAoF1CIvdKlKVAoUeCdNimxuOIIiLIYgiIgCIiAIiIAiIgCIiAIiIAiIgCIiAIiIAiIgCIiAIiIAiIgCIiAIiIAiIgP//Z'),
(5,'data:image/png;base64,/9j/4AAQSkZJRgABAQAAAQABAAD/2wCEAAkGBw0NDQ0NDQ0NDQ0NDQ0NDQ0NDQ8NDQ0NFREWFhURFRUYHSggGBolGxUVITEtJikrLi4uFx8zODMtPCgtQisBCgoKDQ0OFQ8PFS0dFR4rKy0rKzctNys3KystKysrKy0rKysrKystKysrKysrKysrKysrKysrKysrKysrKysrK//AABEIAOEA4QMBIgACEQEDEQH/xAAbAAEBAAMBAQEAAAAAAAAAAAAAAQMEBQIGB//EADkQAQABAgIHBAYIBwAAAAAAAAABAgMEEQUhMXFysbIGElFzMjM0QZHREyIkY3SBkqEUIyVSYmTB/8QAFwEBAQEBAAAAAAAAAAAAAAAAAAECA//EABgRAQEBAQEAAAAAAAAAAAAAAAABMREC/9oADAMBAAIRAxEAPwD9xAAAAAAAAAABhrxVunOJqjOJymIiZmJ/IGYaNWlLUe6vf3JyY50zZ8Ln6Y+adOOkOfTpezPur/S9xpK3Pur39w6N0YaMTRVllVt2ROcT+7LmoomZmCiZmYKJmZgomagAAAAAAAAAAAAAAOTej61fFVzdZzLu2viq5pVjQvQ1qqG7dpa80ubrJ15tUt2zSw26W5apajNXu7N8c3SaU07N8c260xQAAAAAB6eXoQAUAAAAAAAAAAAAHNux9aril0Zc+/qqq1Tt8EqxqXWCWeuc9Ubd8fNhmir+396fm51181ltw3LcNO1n4fGafm27dcNRms0tppfTUzqic5zjU3WmaACAAAAD08vQgAoAAAAAAAAAAAAkosoBk8X4+pXw1cntjxHoV8FXJOBhojuUcNPJk1eDxY9Cjhp5PZxQAQAFAAAAHp5ehABQAAAAAAAAAAABJRZQBjxHoV8FXJka+kappsX6o2xZuzG+KZKrLh/Qo4KeT21tGVzVh7FU7arNqZ3zTDZAABQAAAAAABFAAAAAAAAAAAAABJRUAa2lPZsR5F3olstXSns2I8i70SlxYujI+z2PJtdENlr6N9nseTa6IbBMKAKKAAAAAAAIoAAAAAAAAAAAAAJKLKANbSfs2I8i70S2WtpP2e/5N3olLix6wEfyLPlW+mGdhwfqrXl0dMMxMABRQAAAAAABFAAAAAAAAAAAAABJRZQBraU9mxHkXeiWy1NLzlhcTP3F3olLis2F9Xb4KOmGVjw3q6OCjkyEABRQAAAAAABFAAAAAAAAAAAAABEWUAaHaCcsDi/w17olvud2kn7BjPw17olLizW5hfV2/Lo6YZWPDert8FHKGQgAKKAAAAAAAIoAAAAAAAAAAAAAJKLKAOb2lnLAY38Ne6JdJye1lWWjsdP+td6ZS5VmunYjKiiP8aeT2824ypiPCI5PRAAUUAAAAAAARQAAAAAAAAAAAAASUWUAcftjP9MxvkVx8dTsOJ22nLReNn7iecJ6ytedjtU7I3QpGwVAAFAAAAAAAEUAAAAAAAAAAAAAElFlAHM7TYT+IwOJs97ufSWpp72Xey1x7nTauk/UXeGSq2YUAAAUAAAAAAARQAAAAAAAAAAAAASUWUAamlpyw93h/wCpe0jbp1RnXu1Q0NJaRiuzXT3e7nG2ao8Tqu2OfTpSn30T+UxLasYqivZOU+E6pBmABQAAAABAAFAAAAAAAAAAAAABJY79M1UVRG2aZiN+TKmQPmr1NVE5VUTG9q3b9ExlVTnHhqmH18xEsVWFtTtt0TvoiU4PlJ0hTGruz8Yht6Om/duUTTbmmiK6ZqqmJiMonOYzfQ04a3Gy3RG6mIZMgEXIyUBQEFBXlVBEFMgAAAAAAAAJQAUAAABFAAAAAAAAAAAAAAAAAAAf/9k='),
(6,'data:image/png;base64,/9j/4AAQSkZJRgABAQAAAQABAAD/2wCEAAkGBxMTEhUSERIVFRUXFRoXFxYVGRoVFRcVFhUWFhUXFRUYHiggGBolGxcVITEhJSkrLi4uGB8zODMtNygtLisBCgoKDg0OGhAQGzIdHyIwNy0vKy0rKysrMC0rKy0tKy8tLS0vLSsrLS0tKy83LSstKzcrLS0tLS0tListLS0rK//AABEIAOEA4QMBIgACEQEDEQH/xAAbAAEAAgMBAQAAAAAAAAAAAAAABAYCAwUBB//EAEkQAAIBAgEGCAkJBgUFAAAAAAABAgMRBAUSITFxsQZBUWGBkaHBExUiMlNystHwFCRCQ1KCkqLhVGNzk8LxByM00+IWM2KD0v/EABgBAQADAQAAAAAAAAAAAAAAAAACAwQB/8QAIhEBAQEAAgICAgMBAAAAAAAAAAECAxMRMRJRIWEiMkEE/9oADAMBAAIRAxEAPwD7iAAAAAAAAAAAAAAAAAAAAAAAAAAAAAAAAAAAAAAAAAAAAAAAAAAAAAAAAAAAAAAAAAAAAAAAAAAAAAAAAAAAAAAAAAAAAAAAAAAAAAAAAAAAAAAAAAAAAAAAAARMrYh06M5rWlo2vQn2iTyVjj8rUaP/AHaiT+yryk9kIpvsIC4WYX7VX+RX/wBsoGIqy8K223eK4+NOV3+ZGcazNE4oovLX0KPCPDP6cltp1FviZf8AUOH9I/wT/wDkoCxDPViXy8Y6odtX9Zfw/pUtqlHej1cIMJ+00empFd5QvlLMljZco6odtXzx9hf2mj/Mj7x49wv7TR/mR95RnjJcrCxkuU50w7avcctYd6q9J7Jp7meSy5hlrxFJbZpb2UT5VLlPflUuVjph21ellzDPVXpvZJPcHluh6TqjJ7kUSWJlfWx4Z8p3qh21efHuH9J+WXuHj3D+k/LL3FHVZ8pl4Vjqh21d/HuH9IuqXuPPHuH9IuqXuKT4V8pmqjHVDtq6ePKHFUvsjJ7kZQyzQbt4Sz1eUpRV9skkUtT0m2MvjmHVDtq/AgZFxOfSV3eUXmvl0JOLb5XFxfSTyizwul8gAOOgAAAAAAABBy7G+Hq80G/wrO7icacbSzqc4/ahJdaaOz25fT5PjNEk9q61f+k8izDEVbxjLmjLo0SfZcyRsZWeceqRgosi1sTmtJ6AOhEMjUq6Zk6tgN6kZXOZhscpt5rvZ20aSbCT5JdTA3Z2n4+OUzTIVepNNLwc3fjUW118Ws30877PW17wNs3x/HOIzNOMp1cxuEHJ8iavr16zVhqVRrykl0p7gJqkZwmaFhp20ON9v6GvCUaqVqmbfkUm7dneBOb4jynUPI0m9F0roi4bCVI6JzjfmTa6HouBPc9BshUvY0PD50Ws+za0PNur86zjVgqMoLNlO7WjVbpWlgW7gxiPKceVdsf0b6iyHzerlJ0ISqxaz4puN9TlZqz2ptdJpof4kVmk3Tpu/M/eU747b5i3G5J4r6cD53D/ABEqP6uH5veSKf8AiC+OlF9LXvIdWk+zK+ApMeH69Cvx/wDE20+HcXro/n/4jr0dmVxBUo8Oad9NKSXLdM7GTcu0qzUYPS9XVc5cajs3muqACCSp8Kcu1KVVUqbzVmptq123fl1I4q4SV/SMlcOV84X8Nb5FdWs1Yk+MZ9W+W6VOk9dPRq8mUlotyajP5PReu/Tbe13kcXJoJKwNPilbbFPcZVMmp2f+TJrU5RtJbHZ2I2do0a7SttS0HNjWk9bbA6tSTi82XY7roPYYhrUQsPGTTzYylZ8Sb17NhscpJ2lFx5mmn2gb6td326ff3GKqvlNFWerq7L9xiqgE2VRtNXPISNCnoNdOo3s92gDo06vOaVrZqjOxjOrp161u/ugJMavOZSnpvzbiJGshUrrRt7mBNjMyqVNT6PjtIHyhcp5VxStr+PhgT41DCtibaeY5M8oRX0kQsRlJO9tOwDflOu6slTUtvMuVkalki31q4/o/qcitjKkJNqE2pcajJ6VxavjSeLLk1rhNbYyXcBYIZIfFVj+F+8yWS5/bh2or0OFCWt226DfHhNHRpQHbWTKnFKm+lruNdahOHnJfddyPhsvQl9LiMK+MTWmWjn0ATqFS60O6sd7gK38pgr6NPssp2QcVnZ/S1sd7Fx4Cr5zT+97DI69V3PuPqIAMjUoXDl/OF/DW+RXone4cy+cpfu4v80jgI14/rGbXuvWDw9RJEk7J7JbjmQOnLzZeq9xzI6gMMZVlGKabXlWdtdrPTYkYGt9GTbW052WayhTi/wB4l+WZpydjlKSjFXk9C5F6z4kB1sTn3tGnUlaWhxhKSa1a0jynTrehn0rN3lgorNio6NC6L8fbczuBxI4Wv6O22UPeY08n1+SC0vXLl2JnfUGHG2vRtYHHjk6rxzgtmc+5DxTNvTW6obP/ACOlUxNOPnVaa2yXvMPGVD00Hsd9wEZZLXHUn0Zq3pmXimnxuctsreykb3lOjxSk9kJvdEweVocUaj+7b2mgCyXS+x+afvN0MDTX1cOlJ7zRLKb4qMvvSitzZh4yqcUKcdspT7FFbwOjCklqjFbEluNsW+U4/wAuq8c6a2QffJmMsTUeutPojBf03A7que6ePtK7nX86dR/+ya7E0jU6dO93Ti3yy8p9crgduvisPqnUo7HKN+q5z8RQwMvOjTlsg37MTV4a2pJbNB48QwItTIeAl5tCf3Izp9rzSLLgzhZaqeIXrVV3ykdBVXymGfpAiYXIcKbbpOSdtEZTU79VNbyycAn85p7JewzkUp6TrcAf9TT9WXsMjr1Xc+4+oAAyNT5/w5j85T/dx9qRwIlh4df6hfw4+1IrqNeP6xm17oeo8ueoki9ep+q9zOdHV8c50vd3HNh394EHLEVJU4OEZ3qXtLVojLmfLyE+hBRXkU6UebS11KxGrr/NpfffYl3kiUwJXyqr6SMfVgl7TZjKvPjrVHscY+zFMj3PGwN3kvW6j21JtdVzzwNL0UHztXfWzBGPhY/aXWgN94rzYRWxJGxV2Q3VXP8Ahl7h4bkTf4dzdwJrrvlNcp6SN4SXFHrbW6LR5eXIl296AlqZjnGjNly9VlvTMlSfG2+ztjYDc5GEq8VraW1ow+Trj0rn8rtldmSpLVp7uoDxVlzvYm9xi8RyJv8ACt7RsVJchkoIDT4Z8SXS3fsjbtCc3q7Y9+d3EhIkUcFVn5lKcvVi3uQHPjCX9/0SfaHQfxd9jbO/S4N4uWqi16zjHsbuZ5P4MVqjV504p87k9V9VrdpC7zP9SmdX1FcVKyb0aE7eTFabaNNr6ywcBl87p7JexI71LgHG1p1m7/Zil2ts62SOC9HDzVSLnKSTSzmrK6tqSXFcjrkz4Szi+XcABnXqzwryDOtJVaVm1Gzi9Ddm2mn0lKrUJQlmzi4tcTVmfWyNjcDTqxzakFJdq2PWi3PJ4/FV64/P5j5QnrC1loyzwRlCLnQlnJacyVlLoep9hV+OzVmtaehroLpqX0pubPbJM50ToXICJOI+I0Tg+aW5GbfJbq/seYlaafrNdcX7jYgMFf8Atbc0z1U+VvobW527DM9TAxWHXHp2pPtM4018PuJFDBVZ+ZTnL1Yt7kdLD8F8XL6lr1nGPY3c5bI74tcZQXIe2LTh+A1d+dOnHpcnu7zoUOAcfp15P1YqPa2yN5Mu/DSkCx9IocDcLHWpz9aTXs2OhQyFhoebQp9MVJ9buRvLEuqvlVKDeiKbfItO4n0Mi4ifm0KnTFx7ZWPqtOmoq0UkuRKxkRvN+kur9vm9Hgfipa4xj60l/Tcn0eAs/p1or1YuXa2i8gjeXTs48qtR4D0V59SpLZmxW6/adChwXwsfqk/Wcpdjdjsgjd6+0vjPpHoYGlDzKcI+rFLciQARSCs5H8ms4clSS6s5FmOTSyXJV5VbrNcs62m+qz4uUo5s23Nn+Vdxakmpfp1gAXqQAAAABqxSvCS5jh5IyRGcKir073qPNzlZpZsdMXrXGWEEPh/Ob+k/n/C5+1KyrwOkryoSzl9mWiXQ9T7DhYfgpip/VZqvrk1HsvfsPqQL5y6UXjj5ti+BdSFPPq1YKzVlFObbei13m219hIyHwSpza8JKb49DSVuq/aWnhDLyVHp7l3m7IdG0M563uX63Ml/6OTXN8ZfxGqcPHOH5WflHocFsJH6lP1m5djdjo4fAUoeZShH1YpbkSQaLbVHiAAOOgAAAAAAAAAAAAAAAAAAAAAAAAAAAAAAAK5lWbnVzVy2W7fcsFKnmxUVxKxEoZLjGefeTfFe1txOM/Bx6zbrXuruXcsmc+oAA0KQAAAAAAAAAAAAAAAAAAAAAAAAAAAAAAAAAAAAAAAAAAAAAAAAAAAAAAAAAAAAAAAAAAAAAAAAAAAAAAAAAAAAAAAAAAAAAAAAAAAAAAAAAAAAAAAAAAAAAAAAAAAAAAAAAAAAAAAAAAAAAAAAAAAAAAAAAAAAAAAAAAAAAAAAAAAAAAAAAAAAAAAAAAf/Z'),
(7,'data:image/png;base64,/9j/4AAQSkZJRgABAQAAAQABAAD/2wCEAAoGBxQUExYTExQYFhYZGRkcFhgYGRsfGRoZGRwaGRkcHBkcISsiGh0oHxkZIzQjKCwuMTExGSE3PDcwOyswMS4BCwsLDw4PHBERHTApISkwMDAwMjIwMDMwMjAzMDAwMjIwMjAwMDAwNjM0MDAwMDswMDAwMDA0MzIwMDAwMC4wMv/AABEIAOEA4QMBIgACEQEDEQH/xAAcAAABBQEBAQAAAAAAAAAAAAAAAgMEBgcFAQj/xABEEAACAQIDBAYGCAMHBQEBAAABAgMAEQQhMQUSQVEGEyJhcYEHMkKRofAUI1JigrHB0XKS4RUzQ1Oi0vEWJHOywjQX/8QAGQEBAQEBAQEAAAAAAAAAAAAAAAECAwQF/8QAMBEAAgEDAQYDBwUBAAAAAAAAAAECAxExIQQSQVFxkRMygSJCUmGhscEUI9Hw8ST/2gAMAwEAAhEDEQA/ANmooooAooooAooooAoorj7e6T4XCD/uJkQkXVSRvt4LqaA69NTzqgu7BR3m1Zrtj0nwy3SLF9Qum8kRZ/55Bur/ACnxqvtsCPFEvHtWZ3PF5C35MLeANYdSKyzfhy5GsTdIox6iu/eBYf6rH3CokvSKU+qiL4kt/trKZIdq7ObrCxxOGHrqGLEJz7XaU94JHOr9s3FpNEksZujqGU9x/XhburRg6D7ZnPtgeCj9b0htqYj/ADD7l/amSteFaoF/2hPwlb4ftQNtYgf4l/FV/amSKbYVATk6TzD1lRvIj9alw9MI/wDERk7wQw/Q/CuE61nG28NPtDFSRo/V4eJgpJPZLixbsj1mvpfIAe8DdNmbfw053YZ43bioYbw8V1+FdKvnw9H8DCoZ95t323fcF/ulbcdLXzrpbK9Kn0bsrJJPGPZkLPYdzv2/iR3VjxIvGvQ24NK7NyoqmdFfShgcWRHv9TKdI5MgTyV/VY92R7quddDAUUUUAUUUUAUUUUAUUUUAUUUUAUUUUB5TOJxCRozyMqIoJZmICgDUknQVF27tmHCxGWZ91RkPtM3BVHtMeVYZ036V4naB7d4sOLlIxou7o8jXAZuXDPLmY5JGoxciydNvS8zb0Wz+yt7NiGAuf/GjaD7zeQ41mDu8jF2Zndyd5mJZmPMsT2vfTpSx7zuetYWv7TXsV8sudNS6EkZdom57T2O6QbW0uDcd1YcrneMFEbX3DO5uLG3K2p7vjXuHmaNhIjMhGYKkbzeC6Ad1NSkjIgFswBwBU6+OdJZxvfevnfgLZ61LXNbyRrXQTpEcRGFkFm9Vl4BtQV5K3Ln8bHsnZiwIY0yTfdlH2Q7Fyo7gzG3dWeeijBmzsbnekQfyDeP5/CtIhxatLJENYwhPi+8be5QfxVy2bRyisJ2Xa9jG0Lyvi1qPUi1PmkmvWecZPhTZHjT7UkigIziuHtDCLFHuIMnkZm794l2093hViYVxdpYgM8kNjvIiSg81YurDncbpH4hXHaE3TajmzN0mlNb2LmQdJsa0s7ljZUJVBwAUke8kXrls1u/v767XSzZ/VYiS+j9peRvmbc+1euPfLsis0XF01u4sjpVi953yJAvw+FXroN6VMVgiscxbEQZDcc9tBzRzmR91sssrVRWTiT4UH51+c67HBxaPq3o30jw+NiE2HkDrow0ZD9l11U/nwuK69fKXRjaWKw0wmwm+HX1gqsysNSrgCxHd7s63/oD08i2gm4R1WJQfWwtke90vmyX8xfPgTQW6iiigCiiigCiiigCiiigCouPxaxIXa55KNWPADvp+RwASTYDM1XMdiTK9+A9Uch+5oDj4zZgxEvXYq0rC4jjOcUSngqn1mPFzmbaAWAkTbKhdSjRIykWKlFtbwtUxUoncIpZiAACSToAMzSxbsxHplslcPiZo4wDGCCAc27cd92/EKdOOa864DupN7bp4DkMv0BPi1dnpVjOtxL4jOzm9uI03Rb7QVVFvtITyrjTJftAAaeA8e7XyW/GsaG/E0GWJXI5k6+8Ej32FKiRnYIgu7mwA0JY55cOA8qBa2dxpY53HeBrbMnhmau3o66OEf9065tlCts7HIt56DuueNcq9ZUoOTzhLm+BqknUlp/iLj0VwCYWHM2SJCWc6bxuztn5++k+jrEtOmIxbC3Xzuyc+rRVRAfDdI8qr/pT231Ua4CI3drNNbUgnsp+I525ADjV66L7K+j4WGHiiDe73Pac+bFquzU3CC3s5fV5JWkpSusYXQnkV5anN2kkV6DkNkUgik4/HRRIZJXWNB7TkAfHjRhcQkiLJGwZGAKsNCDoaACKp/TbE/Rp8NizfcDNFKR9iQBhlxsVJq5kVwunGy/pGEmjAu27vL/EnaUeZFvOoCrdPNjiSIOgDFe2hHFCMwCPI+S1nV2IuBYcDV99HO2+vi+iSH6yMFoSeKC108uHd/DXA6YbC+jyF0DdW/Aew99PDl5ivHD9qe5weq/KPYpeJHe4rP4ZX2Qe0bn8/m/xpssOA4frxpQTPJT+KnHZtAvOvSct2/wDhoXRWJTg4igAO6d7+IMwa/jb405iIWDJKrGOVG3kkQ2ZSOIJGYzIKnIi971wvR7tPdZsNIcn7UeejW7S+YAP4Tzq24hACL2yH9Nb2/wCK0cGrMvvQXpaMXHuSbq4hBd1HquunWIDnY5XHAniCCbVWDCSSGVJYm3ZUzVsrXBsR3qRcEcjate6JdIY8bAJUsGHZlS99xwBcd4NwQeII8KIHboooqgKKKKAKKKi7RxPVoTxOS+J+b+VAc/bWLuerXQet3nl5fOlQEWkqKfUVACiqh6S9sBIxhgc5QS9uCDQHPRmsO8Bhxq14vELGjSOQqKpLE6AAXJ91Y10r2kZpBMbhmYgroUW3q3zsVQgG2hLNkaknoGzg2Oanjpxyyu1+PC3MmPvqGuRtqNFH2ud+7LzA76k4/M3HtGxysd0a6+qb+4sB7NIMZa7KLm4RAPtHJbDvOQAGiisnO/A6HRfYf0mcL6yJZpW+6fVTLibe6/KtWlxKYaB8S4yQWjQZbzeqAPE5dwvUHoZ0e6mFYvbbtyuNSx9bPuyA/wCarnpF22084w0CkxRB0VlvYSgFSctN02QHvfnXzqP/AE1vFfkjovm+LPoW8KnucXq+nI53RLZb43aUc8gYrnNKWBHaVrBR90tuWH2bjhW0BaqPon2AcPheuk/vZ7SMTruW+rFznod78VXG1fVPI3cQRXG6VdI4cFEJJd47x3UVFuWa17X0GXMiujtieRIXeGPrJFW6ITbePj83tasylXHypiF2pGy4eRbrJZN3DyKewyorFt25sbXOl+NCHI6WY0bSw5xiKVkgO5NGGLWjY3jkA8bgkAe4V1vQ90jtfBSNzaA/F0/Nh+LurjdDtjY6KcSphmkiu0Uy3WzpfckXM52IuP4e+o79FcUk3X4BHlhV96CZbX7J0INiCpBU3HA8DQG3Fabdai7M2kWw8cuIRoXIUOjA3VywS3gWIseRFdBlqgxLpNs58DtB3iBAv1kO6PtHtCw9kdsEciOYq7zLFjsOJAt1kFmHFX0PmDlfuBpz0nbBM+HMiA9bFd03dSuW+uXNRe3NRzqm9AttNBN1MoPUyboZzchXt619CCeyT/DyrjWpKpGz9HyfM60puMr/ANa5Fd2zsw4eQxtnbNWB9YHQ8xmCLc71APgeGhva3yK1DpvsDrUJX11uYzrddSvnkPG3OsxcDlbutY/nXPZ6jkmpeZaP+fU7VYrRxw8BFIQ4YMQwIKnkQbgitS2Xj1nhWVeNt4DQEZMD5294rKTn+x1qy9AtqiOXqmySQgZ6CT2T56eO7Xc4SVy24qJbeBzP5+Iyrzo1t9sDiFmt9U9lmUDVLnMAautww8WGpqTiYr5W5fPfXJx8OuX555HkPCqcjeopAwDKQQQCCNCDmCDyp2s99EXSEyLJgpTd4e1ETbtRE2K5a7jZeDJyrQqpQooooAqv7XxG/JYaJl5+1+3ka6+PxHVxs/IZd50UeZIFV2Iczc8TzPE0AtacvSKhbb2ouGgeZ8wi3AGrH2VHeTYedAVr0h9IQrLh1P35D96xaNOXslzyCrqDWYCU7tjkRvHzudRn945cn5ipG0NptK6zMSXftNrbeY52U+yMgBx3VGlQnm7VjlqLg+GYsOYXkSFQeOHqZbEKd4LfUC/6HM3zz97MeFWv0Z7D3yMQ4uqFhHrZmF95+8KMh58qrWxsDJNPHEgIZiQWt6oFxISTcmwuNdfEVtmwsBHBCALLHEozOgCi9yf9RPh314drlKTVCGZZ+S49zvs8Er1JYWOpA6WbTOEwzCP/APRKGEevZAGbZaBd4Z6bzDnWa9GtiPjcVBG/qWLSoGuFSKwGVzbeBRffT/TLbBxOIdy6CJl3QjMt1TMoeJv2g9rXvlV79EOwPo+FEri0s1mNxmsYv1a+dy34u6vbSpxpwUI4WhKkrvXOWXRFsANK9IpVqK6nMz7pjFiC+J7GMeQqPoZw7SCNV3Bvb24Qu9v75O9ckWC8K5O3th4h45lfC4iXEMU6qZZPqxEAnYZS4AIswK7uZz761YivKgMx/sbEKQcRh8RNBvYjcjicq6SNKzI7AOLgpo17L51DwOyMTHCqT4fFsvVuIFhchopDJISZN1luSCpDG4twrWDXhoDK4IMdG8DEYpnWPD2jtKBlZZBvrvR/a3utAPI6VpxFKeRQQCQCTYAkZmxNhzNgT5V7agI00d6w7pr0eOExMm6AI3BaEEgCzmzKNB2bsLcitbs4qp+kTYH0rDMEXelj7cfiNV8xceNqA5fQ7axxOGETkGaJRmCO0vA3B/Ce8X4iqX042QYn632HJuMuy+fwNj5g1B2HtM4edHjcWT2LMN4Zb4OXHM65G3KtH21hYsTDcZxSrdSNQdfI5A+Km9eKunTkqy6Ppz9D10ZbycOeOvIyFhwOnA0A56+BHw+Ip7FYZo3aNvWU28eRHiM6YTW3w4c69aaaujg8mmdHNqfSIAXN3QgSi+rDRvxDO/O/KnMUl9dONtNdPnvqi9GdomCYMSerbsyDkt8j4g5+/nWgYhRkdfn9zVMSVmcnZ+1WwmKixKjKNgXUcYz2ZBbid0mw5gcq3+KQMoZSCpAII0IOYIr552mmfM8PP5+Nax6Idr9fgFjJ7UDGI/wgBo/9DKPwmiIXOiiiqDgdKsXZoYL5uzORzSIXPudoqirpXJ27jt/bKxcIsIf55JAxH8qKfKusagAmst9J3SEyz/RkI6uNWLn7Uma8OC5jvJIq49OekP0XDkqQJXBEd+B4uRxC3HmVHGsZVyXQm5JTO57RJ1z4tmNdLg8DUbIxsm6J4kHnbK+fMXHcOwKMS2YN7Xtc3ta4JUi2dgVvxyCUlRdCDnnyPjl3XIF/vC+ldPozsw4mZIzfdzeTIDsXDHwLMAuR0FYnOMIuTwhCDnJRWS6+jXYW6nXlQJJbbvcnA/itvHmLV0PSZtlY4ThUfc7IaVxckLcboy1LMQSOQzyau99Jjw0DzvkqrZRkL8FUXyuzWA8qxnbO0FbEvJKzuz36wKButvrbsneyG6VAyy3RXk2OnJ3rSzL6Lgj2VZKNoRwvqzodENhDHYqKMlnSMb07Mu6Cga6ra57TE7vDId1bqqgC2lVf0a9GvoeFAcfXS2eXmD7KeCj4lqtQr6B5AAIpW8PClLyr1kHzr7uFAVvpNiJWR0SNx1bb4a3ZcJGzoVYZA9aFG6c+zflVZ2hiZ8N1kZZgEEhITEOAxihibeDy53JlBKXzKHXOr7tBmRd6OMyG+gYA2z0J8PjXOxGOGfW4aXsm4sgkFxexW1yTl45jnQHDxe2Z0hJ63tK0+9kAbRR73q2yzHxrzpdjnaW8Db/VRSSEJM6brRGKRuyg3ZWKSKN1srHhc12JcRh1frOpO/Iou6xAswb2Wa18rZhsgBnXiYxES0WGlAW3YSNV9Zt02C5d5HIXoCv4fZkivFLFF2llfrGtYv1cw3XZuLNBJKN4671r1dw19M6j7PmZxdoWjy9sqeeWRPd3Z1LNANFOdIkXK1Omm2oDFvSRsEYbENKFPVzAlStuxISDILHmLkaeseVTfR9tZSpwpdt17mIvwk42zOtt4d6tzrQOl+wlxeHeFrXOaMfZceqf0PcTWHRjq5grKyPGbHtC6MmrDLUEFqkkmrM1F2ZaOn+yCQJ1ADJ2ZB3cD5fkRVN3ltnr8/PznqMGNTF4cTCxLDcmUaBxlpyNx5EcqzjamH6qVo2GQ0PNTp+3zn5KDcG6T4aroempaS8RcdH1I25yPn4fIq79FNqdbD1bntoLDvT2T5eqfw86oxAOhzqVsrGmGVXHA5rzU5MPME/CvWeeRc8evLyHzxqxehXaHV42WA+rLFvDP24m5cyrsfw1XMTIrrvqbgi4PO+nhXnRLH9RtPBvewMwjPhKrR+7tD3UMH0RRRRVBhe3duGLbOIxBBZY5ArAa9WsYjky42tveVXnH7dw8cAnMqmNhdCpvv8AIKPaJ5Csuxh38TiyfaxM3EcZX55cBr+V64+PwoRRIoZWYzBh1bIOwSg7bdk2OW6pJ4HM5ZuQV0m24+LnMzXAKN1a39VMwAOWVyW49q3s1yw392e63IWubjuXW5/iryI6aepn8TmfaOQyHHdHA14BkvMHS9uFsz8PIk60Iz1WzYXGhN7ka537sgcu8Vp/o42F1cIYizzWduaxj1B3ZfFqo/RfZX0jEBGuYwFeS9s1B3gMvtNw5Vqe2trLgsI859drLGLcTplyAu57hXg2j96oqCwtZdOC9T10FuRc+OF/JVfSn0gSRmwq9pYhd1VgLtax1U+ore8t9moPos6OjFTriXQiHDgKu8Q2/ICWW5sMkDKbW4L31wMDDJicVHHEqs8oydgSQrX6xm7Vsjv3yz863PYOyUw0McEfqotr8WOrMe8m5PjX0EcJu+iOgK9BryvapkUDS75fPxpqvb0Apvn54Ug1F2ltFIV3nOpsqjNmY6BV9pjyqBh9rOWtKYot4dmMvvS928RZQfui/jWXJLQK7e6ldnXNeGq9sPbL9Y0eIkXfIXdQbu8GVB1pFmLMu8QQSq+sBapGOx6SqwjlAVfWcHK5QOnaHAg38gM72NhJSwWS3dDsUk1zOj8xKZnOwLC5O6xLdntZiwsCOFu+uma01Z2Mp3EmkNSyaQ1Qo1IKy70q9HirfTIlvcbs44Z9lXysfuny761B2qFtDDLKjI4ujAgg+0DqP60BjfRPbYhkVXsI5RuuovYLeysbnKx3vJq6HTXZ53esAu0eTZarln+vma43STZL4XENHqgG9Gd0ElNACbZkeqffyqybFx/0jDgtmyDclB1Kn1HP6+deavFq045X24o9NCd3uvD09eDKExU93z8/Gge+pO08L1UjIRocr8vZ+fGonga7xakro4zTTszrbK2x1YMb5ocxzUnXypGJ2v8AXxype0bqw7yrBsvdXNam3NUwfYnXrzFFUf8AtQ8z769qgzJ0IxOKHLET8v8ANce1kfA2BvaofSXA7kcS7oBWN95R1jFSzA2MMnZw+vrISvIm4NWTpJssrtHEIBlLJvLkP8RiGAvkcwciCM88jU70wsEXqSVClt8b7Wt1d1spA3nHbuI/VWxA5DKdyNWMtX2Dn6mVxwtbsry1A7zc0i3Zbuucsxp+eSgeZpw5bvA2ztcsMiLk+yxtYDzrq9FNkdfPZh9XGQ8nLkqE8cx8GrFSoqcXJ4RqEHKSiuJefR3sLq4gXFnktJJ3L7Ke7h3muB6RNvNicQ8UYJjiDKjboK7y/wB4c8hexX8IPGrb0q2v9DwtlZVnluE3mAsOLZ6boP8AMwqnej/oycXOs0mcEQS6728rSLYKnEEAAMfEDjlx2Sm0nOWZav8AC9Ed60le0cLRflly9F/RxoIevmuZ5RlcZxxHtBQOBJ7R8hwq6rSFFKVq9h5z23Ee6gGgGvDQHt6L15ei9AVDpntKSCR5wgcRRx7oJICrK7rJItge0AqDTIE86r0ONfFypIke5Agb6xhZ3JBA3L5jW+9+RArQdtYGKaJ45bbrqyXvYgPlkeemXcKpGP6BpIojTEPCQoClHvBJawuY7jcc6kA2N7i+dvJX2ffe8nZ4vyv8uZ32er4V+t/6zgS7UeeRFwymSWJ7Q4h+xYAEtG983NhYDI/Crd6OcM0K4mKRg77yyMwFgTIgYgDkLW/bSqJ9AnwGKjwqyLICyykKth2c7gnMZJzrTMAeqfEG1y/qAco1SNR5uWA/hNbowanZY+o2uW9FT43d+WOA90RU7srX9aRreAy/U+6u2apnQ3bKviJ4la6RiKJCLkM4Ezyt4Ft7Pkoq43r2VnebZ4qEd2mkwJpt2pTtTfefIcu899cjsNvzPu/eo0707K1RpTQFW6dbA+kQHdH1qZxnT+JfPLzArPOj202w8yls0I3ZQTwOtxfLdP5GtilNZl0/2GIpDiEFla4ew0c+0e4/nbnUKnYY6Y7PP94BfdJBtndODX4+PeaqxtVt2NjOtgKEksg3GPExnJT5XK1WMVAY3ZDwOvMcDXGl7LcOWOh1qe0lP0fUaNIalml4bDmSRYxqzKo8WIA/Ou5xPoH+zjRV5/s9OVFAUfpTgL4tzYF0McqC/rKQFZe4byH+a/CuF0wLTwxPH1pZFcTCMI0qFwpKtE+cea6rrYMDkas/pEw0iTYbFRBeyxjlBBJaNiG3Rb8fl4V0sdho2Q78KygrulgF3937LHiO/urk/ZbZrzKx8+DBOzrEikuWbdUWJB3iS0jjJjnroB7q07ohsNMPHYkbqdqRzoz2v7gB7gKn7L6MRI25h4eqBvd2NyAM7C5udMhpUHpBh58SPoeGHVwG4nnbQjikY9tjxOnC+teZxnXqLeVorW3NndONKGjvJ/RFL2is22McViuI1y3jmscYJsxHFmNyBqb29m41rYuy48PCkMS2RBYcyeJJ4knMmo/R7YkOFiEUK2GrE+szaFmPE10xXuPMLr2kg0XqgVelA0igGgFGivL15egOR0lwDzBUCKyg7x3mZTvD1bFSDbM3F8xlVS+jwqWQmIWL6ySH6zeZcwTe1rFrakADUGu/0r2ltCKRRhMMk0ZXMk9oPc3Ft4ZW3fjVWnl2owIGy4Be4N0U6kk/4nEknzNXwm9b/U6Ksoq1k/Q6uA2CJJziLDq1ihijG9f6tUV2Ic5MDcLfuPOuP0x6VFRJFhrvNIfrJkU7qIL7qRG12IBbtjizEZnKJjtj7VxKFZ+sRdBHGsYj3QMslcXHCxvUyTZ+0O1aInesuaKN1RE0QteTvvY3zPdat06UYScr3b/BynNySjwRG9EKkSSDTOO4NgbbslrXF+Wn5VqZNU7o1s/ECYyzQlTaMAiyqAvW2y6xibBwOGVuVW2RuA1OndzNZqO8rkjg9BvmdBp3n9hTUr3r2RrZDQaUw7Vg0JdqiyNTsrVFkahBuU1zNpQrIpRhdWBBHCpszVCxDVAZticE2CxAJuYzcX5odQbcRr5U5t7B79mXMjT7y/PznVt2phkkQo6gg/OX71XY8I8Y6sneVf7tuI+6f3rElezWUdITtdPDKqwtrryNWH0d7NMu0cIh4zI1vux/WN8ErzbTR75YgIQADcgsSNSOVW30B7PaXaEk7DswxHd7mlO6vvUSVqMnJXasJJJ6O5vFFe0VowczpDhi8D29Ze0vO655d5Fx50zszdeJXW4LLlna18yTbjeuxVWwf1EzwH1Llk/gbNQPD1fKoyj0sXVtvBi1j2ifCx/WozrY1PxRvrx0UZ68zUE/llREPBShSRXoNUCwaL0migF0XpN6L0Aq9eE0m9BNALvSa8vQaADQaSWptnoBTNTUbat5D9T7/wAqTM9hXkhsAOXyfjQCXemXehnpiR6EEyPUeR69kkqNLJQDcz1BxLWpyeWoGJlqAZxEmtyNP6W8a5rHtX5Z+Y0+P5U/iZNagySWW3PM/oKFIWPsTcgXrYvQfsfqcCZiLNiHL9+4vYj+ALfirHtnbPfFYiLDR+tK4S/2VObN+FAzeVfTGCwiRRpFGN1EVUQDgqgAD3CiBIoooqgK4XSvBkoJk9aPW2pQ+t7sj5Gu7XhFAVOLGb6gk5e0ciTyt4/Olevz07qibQwZw827/hsd6MnS3FfL8iKfikBFQoq9F68NJ3qpB29G9TW9RvUA7vUb1Ml6836AfvXhamOsoMlAPK1G9UdZK8MtUDrNTZem2kpsyVAKZswO+/uz/SkyyU0Je14A/pTcktAeu/z8/OdRpZPn5+c6JJaiyy/Pz850B7I9RJpfn51omlqHLL8/P5VCCZ5agYmSlzS1Ank9/ChRueT3DXvPAfrXOxUuf9aexUvAaD4nnTnRjYMmPxKYaO4Bzlcf4cYPabx4DvI76Av/AKDOjR+s2hIPWvHh7/ZB+tceLAKP4G4GtYqNgcGkMaRRKFRFCoo0CqLAVJqgKKKKAKKKKAg7X2es0ZQ5HVW+yw0PzwJqoRM0bFJBZ1yb9xzBGdX2uPt/Y4mXeWwkUdk8xrut3fl76jBxC1JZ6q/SXpT9EARlPWksApy3bWuW7sx41Ow+IkVLSSBpLAubdkE8FUcB3nxPCsTqRhHelg3GLk7Ie2h0jw0OUs8aHkWG9/KM642I9JOCW9nd7fYRvzNhUXaHSXDxMVLi41CoDn32XKudJ0swresm8O+EH/5rgtpvqovsdHQtmS7kyb0qwC+7DKfHcH/0aam9KaAX+jv3jfW45XyyqB/amzGOaRA98W7+QFOJFs5zdeqv91mB+D1f1cVlNdUyrZ28NP1RIk9KYAv9HbvHWC4voSN3L/jmKbb0p5X+jG3/AJRe3A23dD86ikDo9gybqoz5Ssb++9IbolhrlgXude2p/wDZaLbKL4/cr2WouH2F/wD9RIBb6MbG1vrBfxI3dDwNJPpTNrnDG3/lH+35tTR6G4e5brJc8jnGcvhTTdDIbk9bJmLEFFz9xra2mi/eXcw9nqLg+xJHpPO7c4Y2/wDIP9unfSG9JrWJXDEjvk/Td76inodFfe619LW6vK3h+lI/6TiBv1kmQsAFUC34jV/UUviXcngT5Psx8ekp82+ji1jl1meozHY0y+bU23pHkOYhXnbfN7fy0j/pmAG5Mmls2jA+FenYeGGe7fxkb9BWXtNLmaWz1HwYg+kCUjKFL6gbx091MydOZSP7pAbaEt8+VPS4fCpqsY8bn/2aozbTwyeqF/Ai/oKKun5U36B7O15ml6iE6YzNpCG/h3v61JTb8zeth2A5g/oQKhTdIl0CufP+tRpNuX9j3kVrfk8RM+HFe8juxbR3tUZTyYfqLimsRNYHPP8AKuPBtME3tusNORpvaUhaRCgO+1gFFyTe1lsNczWotvRqxiUUsMmWZ2WONS7uwVFXVmOQA763r0cdDl2fh7NZp5LNO45+yin7K3I7ySeNq43os9Hv0UDF4lQcSy9hTn1KkZj+MjIngMhxJ0WtoyFFFFUBRRRQBRRRQBRRRQFS9IHQWPaEYIIjnQHq5OBvqjgaqeeo94OcdJMXLBG6zKYpN1Ve/Ajs7yn2lI0Yfoa3OuP0l6NwY2Ew4hLgg2YZMpPFW/TQ8qxOCmrM3Cbiz5yljtp5gHM87ngKiSJbvB+Tqc6tPS/oLi9mksQZsNfKRAeyCQT1qjNdDn6pJGY0quhle5XO4zHv5aDLSmDBAcFTxse8/mCPOmpV93lp7zpUt4+BzB0Pzcj3imd32T5afn/WtXAxItsxl4cx4Dx91OR4hwLh3GfBm099Ea6qaRGLGxo0nkqk1gfi2lMMutfj7R/U0r+2px/itoeI/aoaCzUTetb5zvWXCD91djSqzXvPuTjtif8AzG96/tSH2tOdZW+H7VHlHza9JPznf4VFSp/CuyK6s/ifccfFyHWRz+In8jTZcnVifEt+uVG75/A+7+lFr5a9xrSilgw5N5Ykr82H514R/wAi9LCHhryr0LxGXOtEG7UsJXrjdrvdEehOL2k9oU3YgbPK4IjXnY+03cvde2tQHEwOGeaVI40Z3ZrKiC7E62A+ba1vfo29Gy4QjFYrdfFEdlRmkItov2ntkW8hxJ7PQjoHhtnJaIb8pHbmcDfPcPsr3DzvVpqgKKKKAKKKKAKKKKAKKKKAKKKKAKKKKASwvkaz7pd6IsNiCZMMfospzO4LxMe9Mt096ka6GtDooD5p6Q9DsfgrnERF4hrNHd08WIF0tn6wFedHtjRYhWd3JAayqpANuBLEE8cgLaV9L1XNp9BcFMxfqRFIdZIfq2J5ndyY/wAQNSwMk/6cww/wifF3/Q0NsHC69QP55P8AdV5x3o3nXODEq44LMlj5yJ/trh4zortKPXDLJ3xSKR7mIblwqalsivNsDC3v1I/nf/dSH2Dhv8kfzP8A7qnYqHER5SYTEL39VIR7wLVBl2hb1opR4xsPzFLsWEtsTDa9V/rf96bOxMPfKIe9v3o/tO+kUp8EY/kKfgXEyf3eDxDcvqZbe/dtTUliOdmQ/wCUvuo+gR8EX3CuxhuiG1ZvVwpjH2pXRR7t4t/prs7P9EWJfPE4tIxxWJWc8dHfdAOf2TV1BScRhIVF2Cj3VB2R0XxOMcjBwM6b2UhyjXn9YcjnwFzW37F9GGz4CGaIzuPanO/nz3LBB/LVsRAAAAABkANAO4UsDMOiPoUgi3Zcc/XyZHq1uIgctT60mnGw5g1puHgVFCIoVQLKqgBQOQAyAp6iqAooooAooooAooooAooooAooooAooooAooooAooooAooooAooooDyiiigCivaKAKKKKAKKKKAKKKKAKKKKAKKKKAKKKKAKKKKA//2Q=='),
(8,'data:image/png;base64,/9j/4AAQSkZJRgABAQAAAQABAAD/2wCEAAoHCBYVFRgVFRYYGBgYGBgYGBgZGhgYGBgYGBgZGRgYGBgcIS4lHB4rIRgYJjgmKy8xNTU1GiQ7QDszPy40NTEBDAwMEA8QGBISGjEhGCE0NDQ0MTE0NDQxMTQ0NDExNDQ0MTQ0NDE0NDQ0ND8xMTQ0NDE0ND80NDQ/MTE/MTE/P//AABEIAKgBLAMBIgACEQEDEQH/xAAbAAABBQEBAAAAAAAAAAAAAAACAAEDBAUGB//EAEEQAAIBAgIFCAcFCAIDAQAAAAECAAMRBBIFITFBUQYTYXGBkaGxIjJCUpLB0RRTYnLwFUOCorLC0uEjRCQz8Rb/xAAYAQEBAQEBAAAAAAAAAAAAAAAAAQIDBP/EAB4RAQEBAAICAwEAAAAAAAAAAAABEQISIVETMUED/9oADAMBAAIRAxEAPwC/9rb3R5RhULbRLOCRL+mD8prUcKm0Ce/lynH8eKS1jLSLcJo4fBqBci80qeGQeyJOtIDdOd561OKgtBNuUSRFUbJcFIHaIuZA3TPZrEaPLCgGAUjKJlU+XhANMQlaGDCo1wyxNhgJZUQit5NqYy2TXsiWmOE0TQjLSEvYxVSheWadICSrTkirJeTUiEUpMqWhqIYWYtbkRWMXNGTARxJq4rlSIO3fLgWAacumKTpIskvMp4SEoeE1KzYgCQwkPmzwjhJdSRGFhAQwscCTWggQgIQEJRM6GAjgQsse0NFaNaPHkA2jx40BRRRWhXCJQsZeoLl2GS8xJhTtsE9V5a8kmCp1DwllGlbIRJFM52NyrSGEQJEhkwMzVNkEbIJKILKIAWEO0A2jq0AgJIsFWkoMgcmBq4ws0K4kUyiGI0ciRYICFIhEGkxdTqY4EhDSRWhqUcVog0RbpkUrQGBhXvHAlERpk74BpdMskdMAqI1MVyscLJQvRJETjGmIAsKT5RGKiNXEVo1pNlEfKI0Q5Y4WSaoo0BljWh2itAC0VoWWLLAwLiFcSitWGKs79Xn1aYiRyMPCDRhqemZYVxKIMNHkvElXDUkLvA5yCTEi2nDQ1eQwhLiamFaGtaQAQ1Eli6m5yLnZGFBkNfFImpm1+6Nbdwkw1eSpJg85rH6YdR/xoOtv8RMHEpjK/rtZTuzZR8I29s1P579+Gbzx3VTStBDlaqgPDMLwP21hvvU8fpODHJpwpZiNX4v9SOjodibAAno1zXxcfafJy9O//b2G+9Xub6Rxp/DfeDub6Tif2aR7K36bX8oP2R7kEqPD5apPi4+1+Tk7k6bw/v8A8rfSMNOUPfPwt9Jw/wBke2p175VZCGChs7E2AW5ueA4x8XH2vy8noh0/QHt/ymSYbS1OofQLm205TlHWZyNHRKU153FuEXcgOsngSNZPQO+BitLrVXIhFOla2QWBYcG3W6B4zF4T8anPl+vQUcHYYU8vwivTP/j1nQDYL56ezZke6r/DabmF5T4hAOepCour06Rs3bTc+THqnO8a6zlK7WKY+jOUmHrnKjgP7j3SoP4Hs3dNcPM41pWjZIV4UgDLGtClbF4tKY9I6zsA2nslnlE94ryjhtK02DE+jl3HeOjj1QE0zTLWIIHvH5iXrfRrRvEBK6aRpk2DDrOoHtMtZpAwWK0INHjVcYEMI6hckADaTqA6zOarcqXyFFUZtgc6yBxtsvMrE6Tq1Vyu5ZQb2sBr6bAXns615G3j+UQDAUrMBfMSDY9A2HtgDlO/3a9dyNXVOdAhzXWJrt8Dpqk63Zgjb1Y+IO+W1x1I7HU9Rvbrtsnn4kiHxk6w13GJ0rSQXLhr7AlmPhqHbMivyjcn0EUDcWuT4G0wI4ccRLOMhrdrconIAVVXifW7gdnjKg0xWFyXOvjbwFtUoKjN6vedks09HX1sbxkiNBuUzsAqIC+9tZHw/wC5Lo4YstmaoQCblSAQei1vRHVFhUCeqqzVw+KK+wO8znb6jUWmVremx6h6I+plMUxfgOgCS1cUW3CQMzHh4zMWpHK+yB174qXSbyGx6PGGjkbh4y6ziTF1AQBsjaOo2ub6zqHV+vKMxub5R3n6R87AWAXvP0jfC4rV0LMdpuTs+sjr4YKAzWGrXc3N+jsh1BVOpctzssW+Q1xsPoILeri3XKuvLeygfiJ8hHbCcdVKOCqYg5aYyJsLkDw6egeEuNVoYJSlMc5VtZmO4/iI9UfhHbxmdpXlUG/46BCINWb1WI4IvsDx6pjByRZAx6lJ8hM3la3OMixisU9Zs1Qhz+LUBfXZRuEPDquwqO+UxhazWtRrNYW1U6h/tlqjozEn/r1e1cv9VpNXGilVVFvR84VJ16NR23PXskVPQ2JP/XftemP7pZwvJ7E+0iDrqL8rxsXB4ihRqqFqBHG64Fx0qdoPSJBovSrYXGU6Bqu+HqqAgds5RySAA7ela+UWv7XRNOnyexI3UR1ux8klPTHIrEYlkY1KSFM1soc3zW6BwmbjXHXehjxlDSWkHpjUhYe97I67a/KWcGrhFDkM4UB2AsGYAXYDdfbaTgTEbctW0xVfVmCg7lFvHbKWadPitD031gZG4r8xsMw8boqpT12zL7y/MbROvG8fzw52VVBhAyIGGGmk1KrSehiWQ3UkeXaJVBiBmbGpW7h9Ln2lB6RqN5ONLLwPhOdDSXPJ1iyvN0bVFmkAxFjwhisp6OuerXnxYUQpVOI3Dvgq998amNFdnzgtibbBfp3SsT+t0QQxpi1TpO4L7FByk7rkXtLNDDAbr9czPtz0GDLbXuYXVre8u+WRyqffQodiuvk8xeclxrpa3aFGW0Sc4vKs/cU+w1P85KvK0D9wnxVP85m85V6V01NJYWcsvLBN9Adjv9ZIvLCnvot2P9QZnsdK6bNGzTnxyxob6T/GP8IQ5X4f3Kg/jX/CNh1rfhql5ipymw5AYLU17sy/4fOWqHLKguyg3WWv85LyWca1xQNtkgNVAcpqIttuZ1W3XcyBuXKW1UgOvXOL07pXn6jOVALWJsOAsPKNq9XodHSuEp/9ikW3nOpPYAdUDEcpsEdT1Ea2sDm3fX0eiZ4w+k7ORb0BqJHrX3kbj1SY6WoD22PUh+Ykxceuf/rsGvqlj+WmR52kb8uaG5Kp7EH988lbTlEfeHqVB5tLGC0mlUkIHBUXObLrvwsTJkXL6emNy7T2aLHrcDyBkZ5dtuoDtcn+2cIrww8mK7R+W9XdTpj4j85GeWWIO5F/hPzM5HnI4qRkHVnlZiT7ajqRPpAPKLEn963YFHkJza1JItSTF1u/tiudtV/iI8oX7RqHbUc/xt9ZjI8yX09Z8uX0BqJ9rrts7IxNdb9tfe7fEYyVSWAuTcjfOdGnKH3l+pH+k1tG1Q5R1N1IzA7NVtWrdLnlfxvAwg0rc7C5ydsc1oNHvKoqwlrTOC0Ghc5KoePmkxqV5qmNJGoKegH/AFEST7Hi0zftP4/L6RDFfj8vpOfet9Y0lqW1ZO8t5SUVOFP+qZIxQ98fyxGuD7flL35HWNd8fl9amR15o640bQjdlzMkPf2m7CPnCFQDe/ev0jvyOsXa9bOR6LDUfWv0bLwABKVXFZVzk31kBWvmNspNiBa2uRLpYb1PgY3ftMz6aoURZZnLpRPxDskyaSp+8e4wLeWMachGPp++O4whjU99e+ARSAUhfak99e8Rc8vvL3iBewSXTqJHz+ckyGRaOxKWYF12g+sP1ulrnU99fiEIAJMzS1fIDbabKO7bNYVF95e8TltLVs9RuCkgdm0yihVewtvP6MgRLxmbMZaoUy1wLahckmwEn219RA9AjXtlrQ1TLVH4gV8L/KS4WpTBKsSSRZWFwqtu1k6x1iVGBR1bZ6WscCDYgxUl3w6oVI4qzPFWLnJUaXPRxW6pm85HFSBpDEQ1xPTMsPxMf7Ug2sO+Bp1sXZGN9xnMVatgTvPzlvHY5CuUNe517dkzHfMwtsEhizTwxI1HXuE7Dk3WtTTMbWUrr4hiJydLEZQrLqcNqJ12sdVhs3Gb+FdWRTlQC2rbmvc3B17tWwCNzyv26f7Uvvr3xxiR7694mAmGJ2Ix6kc/2yVNHVTspP8ABb+oia+ROrdXEL7y94hiuvvL3zFTQ2IP7pu0oP7pYTk5XO1FHXU+gMner1aqYke8vfJPtK+8Jn0+TFXe6D+Jj8hLA5LN94nc3+Une+l6xyQwifdr8AiGGT3E+FY4/N/KfrFccT3W8zMqIInuJ3LDBUblHUBIi68f6YPOpxHh9IFnOP1f5RZx739Urc8v6/8AkcVeAbxgZfKhTlR73sxXvF/7ZznOjhOi5QgmmpCkAOCSb71YfOc5eAfPCIVRI4so4CNqYlDjjFnHGRZRFlEbTEuYcYr9MiyiLL0mNMXMM+U3FgRsNh85K+Nf3h8KfSUWe4g3i4s2fVWmxb+93ADyErs23Xt2wCYpNB05KpIBPE2PVI0MvUGTmjcXOvX4zcSqhptqJUgG9iRqPUd8nxDBqYPtqwBPEWsD16rd0ZmZgqkmxIIFzlBI2gbBqvBqoUGv9bIRaGJPARufaZ5rnj5Q6ed/UV2/KGb+mTVxcNRuJ8pG1Q728ZJS0LiX2UH/AIgE/qtL1Lknim2hF/M/yUGEZZMYuP0ROjo8h3Pr1VHHKhbxJEvU+Q1IetVqHqCL5gyrscQzwqJ1y7yj0cMPXKLfIVVlvrNiLG53+kGmcjWMitn0AiZbFmRr5gNRDbV7zrnbcgCVSop2B1I7V1+QnHYBlellYAlHFgduVi2vvYd07DkYMlFmJ1O7FfyrZfMGav0w7AP0xww4mZ4xHRC548JhrV/OOnxiznhKPOMd/jHzcTCL3O9MXP8ATKOccfMx+chpxA0dT3sxhrgKQ3GOGhBprGBLhaQ9iGtNBsRe6R3jwJwyjYq90c1ugd0gglhxECHS9E1qTpvIBH5lOYeInn7KQSCLEaiOBG0T0B8Si+s6jrIE5zTSYdznWoqvvsMyt0nLrB6ZKvGsCKJj29IvbxgkzLREzs9B6FQUgayBnb0jm1lRuUcNWs9JnMaOrojB3VnYG6jUFB4nbebD8q39lFHWxPlaIl38bbcn8M37sjqZx85WrclaR9VnTtDeYmI/KaudhVepfqTKz6ZrttqN2WHkJrYZW+eSKfeP3LbylavyWUf9hF/MB/lOffEu3rOzdbE+citHgy+27U0Rh1RicSrOFYqFKhS1vRBGs7emYMKDM1RLNDRpDAoR7Q7jt8pnCSUapRgy7fOalSxffCgFrE+i3oi+oA69Qg4fFqjjnEWqqgjIxsLm2vskb465JCkEi3R1ypeXwSX9dLQ5S0k9XCIv5SAe/LLqctQNtE9jj6TjQphikeEhkdsnLenvpuOor9ZKvLWhvSoOxfkZw4w5hrhhKZHcrywwx2lx1oflJU5VYY/vLdauPlOIoYMubIhY8ACfKamH5OVW2oqD8RHkLmEyLfKivhsQgZa6Z0vl9Y5gdqkAXGwa5xdzwM7zD8lVHrvfoVQPEk+U1MPonDpsRSeLekfGTCXHD6H0ZUxDAKhVd7lTlHUd56J6dg6S00VE9VQAN56z0yEVBu/1EXlF3noJqypnj85Iiwap4/KMH6e68rqSTYazwAuZo4bQ9Z/ZyDi5t/Lt8IVXLnif11Qec6/H6zTbBYel/wC2qXb3F48LLc+IlmnVFv8AjwV13E5QT02bXIPOGxyDfIX0sg2AmYdo9ppcaraZO5fGQPpeodlhKNo+WDElTH1D7Z7NUqu7ttYntMmyx8sIothyYH2UzSyxZZBmfZjF9mM08sfLC6yvs5i5gzUyRZINZXMmMaRmtkiyCDWRzZjZDwmxlEbKINY+Q8IuZbhNkJ0Q0wzNsUmMNYgw78IYwr9HfOip6IqNut1y7S0AfafuEYa5VMId5kq4cDdOwp6GpDbdus/SW6OGRPVRR02HnLidnIUNHVH9VGPTaw7zqmhQ5O1D6xVe257hq8Z0+aNmg1j0eTaD13Zuqyj5mXqWiaCbEB/Mc3nLOYRuchNSoABZVCjgAAPCEWkHOdMAuIFgsOmDmkVLM5sisx6BeaeH0HWf17IOk3Pwj5mEUs/TEjFjZQWPAC57hNz9l4ekL1XzfmOUdiLrPjB/b6L6GGpFzwVco7gLnttCoMNoas+0BB+I6/hH+peOjcPR11qlz7t7fyr6UiWji63ruKKH2V9a3Yb95hHCYXDa6hDNt9P0mPUg+kgnoaU9nC4e/wCMgKv+++SPg6rjNia+Vd6IQq9rH6TIxnK0+rRQKPea1+xBs7TMPE496hu7E9fyXYO6MV1J0rhsPqopnb3hs+NrnulCpymrE3BAHAKCO9jec7ni52MHL2itCCxZZQ0UK0UBrRR4oCijx1QnYIDWitLCYNzullNFE7TAzoptU9FoNpvLSYRF9kQa55KTHYDJ00e53ToFKjYBC5yDWPT0M3tG0tU9EINpvLhqfrWYxeEMmERdiiShgNgEgLxi4gWOcPGNnlfnIxqdQgWc8RqSqakjNSBdNSA1XpkWHwzv6iM3SBq7zqmvhuTjnW7Kg4D0j9IGWa0koU3c2RS3UL+OydNR0PQpjM4Bt7TnV3ahIcTyjoUxlT0yNyABR27O6BTw2gKjeuwQcL5j3DV4zTTRGHpDM5v0u1h2DV85kftfFV9VFMi8Rr73bV3SWhybZzmxFUseCkk/E3yEC7X5SUKYy01z8AoCL3n5CQjEY3EeqBSQ7/VNus+kewCXlp4bDC/oJ0nW56r3J7JlY7lYBcUkv+J9Q7FHzMC7h+TqD06zs52m5yr2nb4w62nMPQGSmAx91AAO1tnnOPxuk6lX13JG4bFHUo1SrngxvYzlJWe4U5F4Jt7XOvutMkvfWTr3nf3yuakEv2ef+oVaz2jNUlQ1IOeBaat2wc54ytnMVxAo3iiigIKTukqYVjuiigTpo5jtIEsJo1d5vFFAsLhEG6TqgG4RRQh84iz9EUUBi/TFmiigLP8AoQS8UUBs8E1IooAF4wfhHigMX6ZZw2Aq1PUQkcbWHeY8UDXw3JhjrqOB0LrPfNbD6GoU9eQG3tOb+B1eEUUIixfKChT1Bs5HspYjv2CYtXlJWqHLRS3UC7fQRRQFT0HXrHNWe3QTnbuGoTYwegaNPWVzkb6hv/LsiigPjdPUKWrNnI9lNYHRfYJz+O5UVX1JZB+HW3xHZ2CKKFYj1SxuSWJ2kkk9pMHNFFClzkYvxMUUATU4QDUiigLPFzkUUBg8XORRQP/Z'),
(8,'data:image/png;base64,/9j/4AAQSkZJRgABAQAAAQABAAD/2wCEAAoHCBYWFRgWFhYYGBgaHBodGhoYGhoaGhoeGBwaGhocGhocIS4lHB4rISEaJzgnKy8xNTU1GiQ7QDs0Py40NTEBDAwMEA8QHxISHzQsJCs0NDQ0NDQ0NDQ0NDQ0NDQ0NDQ0NDQ0NDQ0NDQ0NDQ0NDQ0NDQ0NDQ0NDQ0NDQ0NDQ0NP/AABEIAKgBLAMBIgACEQEDEQH/xAAcAAABBQEBAQAAAAAAAAAAAAADAAIEBQYBBwj/xABDEAABAwEEBgcFBgUDBAMAAAABAAIRAwQSITEFQVFhcZEGIoGhscHREzJCcvBSYpKisuEHFILC8RUj0jNDU3MWY4P/xAAYAQADAQEAAAAAAAAAAAAAAAAAAQIDBP/EACQRAAICAgMAAgMAAwAAAAAAAAABAhEDIRIxQSJRBBMyQmGB/9oADAMBAAIRAxEAPwDL0jg49nkpDfeG4KvYzA6pKlhx62OoAccs1qZBqeAHGUdr8Bx9VE9pBgiIHYn0ngxjq9EDI9Kt1ySc3EeStCRj/SPBUdJl8tG0yVc3seJnsascTbTOn8qKTVfRytjI++wcsfJUr3y97vvnuw8lOqWqHwYABLyZ7B4qnovLu0nvRkkqonDjlaNLosQw/WQhWAHVPADmZUOzCGSNf/JTSNWq8OTQtI/yjLJqTX+wb3dadk4cI9Cu0/iKE09Zx3Ac/wDKPTbhxd5ko9F4R7KJqvOeLW8if+Klk4H5e9zse5QtGnB7tpJ5CfNTH5gfL3CShBLscDr+Y84C5ZSSy8cyCfxEBNcYaflHfLkagIY3+me2XeSfoeCeMSN7u8taPNcjDj5uPkF0uyOyP7nJrsAPrJs+JQIG4/XYT5hPbh9b/Rqbr7fMDyKVR0Mcfun9J8yhggVlHUHb4geaIdv1q9Sm0xDQNg+vBPcPrn+yEN9lH0hfDWt2x+oH+1E6NswcdrgOQk+CidIT1m/WQn+5WfR9nUbvLzzho8Vl/ka9RLG0jqkZ4HuBHooFhYb5AxDRGO8Y49qn2jVvx5wo2im4vO+PFU1shPTH2yr1TqJ8IJPgm6OEdp8ASn29swN/dgfVDsJLQNczA7VF/Kiq+Nli12Pf6qLb39QxjJ8JPkiPqiYG3ylQ9IPwEa5PKAql0KHZS29+IGxhPabvqriys6jf6iqPSLv9wjV1fOfALR2BkAbmjvifNYS7Nl1/06wdbCIaX/kY3vklTaTCDGoADkBKrrA8G/tcAObse5wVtTGJP1sWkURIC9suZxJ5A+oUW0MvVOAE/nPm1TaeLuDT3n9lHLZc87yPytHiCm+iUZ+20iHGMrsRrxko9Sg5xJblJ8T5QuvF6uRqnLZAaD4d6JZ3AXhIGOXYFn6aeFWxvujtTm+Lv3TWnHg390SkB1Rx+vFdtHIdJmTvXHtGJ+ywxyPquxgN5XLTgx54DmRKmWosrGrkkBsrMnA4g9kKXTquEFw2zH79qj2QdQ9vfgj1MjwA5/5U441FGueV5GVVqEXnGfdkT3+CFZG+79b1P0hF1++43vBPiolnHWAWOWNdHT+NNy78NHRPVYN7f38Ua/I2YE8yoYpQ0EEiGk8/oIj3OjUcG+pW6VI4ZO3YakZvGPi8BCe591uByaSOOIUIWgBsE3ZLs8OHipNWqC3P7PI/sk3qyoq5JBLM0BpAED1IHkjPzJ+b0QrEZH9Q7MyU4OktHCe3FNfyhZP6dD6/unjHIAealOwaO38rYURxmBtdlxM+Sk1Mc9n6nJ0TY2plHEdwb5pOjLj3uA8AlOI4zzcT5BMIOH1qLvMIA4dvE9zj5hDtXuEbYHNwH9pRQM/rW0eRQrSfcH3geQJ80n0OPYUAYxu8vVNd6eRTi364T6LjvrvCdAZbTb5qcA4993+1aLQzIpN3MHOS7yCzGkX3qjteDRzx81sbGyGDD7PcAD4rKOzWWkMtB97cP+RTdGYNJ3k8iu2kwD9ZABP0ew3G/WcgqvSPAVvPW4D+3906zsxaNjQe/wDyhW53XA2kjwCO0w87A0DlB8ys4q5Ft/E7UYDjskgqvtQdLdcQeZPorIjDsCivwefu4cm+pWkkTFmZqmajvnjuAHeStPRdDXQfqD6rNWFl6oN7yfzE+AV8AQ0xrnuHrC532zfxIfo5svE7Z5YeStbOeoXDHAnniqKwVuu45QHcoJz4jxV1SZFIb2jvkq4vRElsNZW5ngobH9Vxja78T3QplF91h7TyCg123KM67rByxTfQl2V9iANR7toJB+Zxw/SotWtEfel2W1zo7oVjYaYDXu2D9InxCrzRbDZzujvx81izVKyETnxARBmdwQWjBo2mUWeq47XR5LvOEIPhG5BtLuod7vUo4PWO5qiW4w1g3E+Q81OTUWa4FeRBrMIY3eR4yiuM9r/0z6JrDF3dPdguMd7p3OcfrmmlSSIm7k2Q7c7Ab3uPY2QPJCsfvLtqmGYHBs9rjj4JlmeGmT3LHIrkjrwOoNmjnAj5R4JtesASCf8AGIUWnpG9kwnrTmBlKFUpl7rzmunYC3XlrWraa0c6jT+Wie6mHNAOOHn+yiOotaRAiTqwGTtXJce941PgRs1DHIpNfjJDsz8LjwyCl01QQbUk/omstAYLt5s9aATicIGXaiC0gOBg4bOAhU9od12Oh0DAm47ATw3lShXEa8h8LtXZsTsTXpKba8MBvz7F1tueXEYCLpwGcYa+1RA9uOO2Jkbxmue0F+ZEFpGfb59yVhRLfVd9o4Tr+z+y40kHAEx25H0TfbtnBze74gmitPxZ79o9UwCOLhndHLb6FMv8DwG6PJDeZn6zHqEy/r+tR80gok/zxY5sMYZnF7A44QdYwzXX6QefhYOFNg8tygWp8Bp2EenkFOs2ja1X3KbyD8REN15OdA1ppAwdN+staZnNoVDVtzw9whmr4RsE5rf2boq8/wDUe1m5vWOPIDvUtnRWx05fUYHnW6s6W5z7uDOYT/VJgskUZmxue/BrL5luDWTmBqCtGaArv967TEazjlqa3ftIVpaektmpi6yXxk1gDWDtwEcJWct3S20OJDAymPui+78TxH5QrWFembm30X9m6M0qbAar3PjMuIpt8ZH4k4aRsLT7K8yHZuAN0HVeqR3z2rC1rQ+obz3uedrnF0cJySa1bLGqIc3ezdW/RbqfWHWYdetuy96qgqPwe75z3wnaF6QPs8MIL6Ue58TR/wDXP6ThsjXaaS0ay00H1LE4OvAj2c3ccy2D7jvumOxYZMdM1hLRjdCs67dzJ5N/dX1ZsMb2nmRHmqzRVItqPvAtLQQQRBBkYEaslZaSb1APk8ZXFWrOt9pArHSBa4kZkDkCfNTjXcJY0CGCceAgcMUyythg3nHuC5ZnX77ogmERVImTtkuvUHsY+KA38ZAKr9N1Dda0HC8PMHuR6jyQNhc2Owu8gFD0uwiN0mOyc+xXLoUe9h2YWd0ZkZ/Nq5kqj0jWioRsgchCuKWFCm3bBM8C79lXWSye0vun4j4A+aho0h2R2NxbuCVPJg3yml2LzsbCew9Zu4Su84R5dg89nkgaTc1rm3nBoDRE4AnE5lEYZY37z/OUFvSS1UnvbStFRjL7oaHdXOPdMhZz6NMbadoAbY0xD2nVg4ItIl2smO3BSh0wth9+ox/z0aD/ABYujpDPvWOwO3usrAT2shRbsvVVQN7JbltUJ9IxOxWrdNWc+9o+zf8A5urUv0vwT/8AULCc7E8fJbK/g+UPYRbXRWWR0FWzHd6YKlgd/wBu2M+StSf+umj03WDIVrc356dnePy3SlFUOUuQnJgHcpQp2U+7bnM+eyPd3sqIzbFZzlb6J+ajWp+N5USQXYjsXLO7BWH+kPONN9OszIupGo66cMHD2eBhNfod7cTIn7r/AO5rUJNitEYn64roP13FTaOjWkw6sxvER2YuSsWjg94YXhgJxcXNgbTjnwSoLIrXfXBNcBslX9o0PQZTefbFz2uhsXA0iBiQMTPWyOEK/wBD6OYymw3BfLQXGJdLhJxPLsQq9GYyzaHqP92nhtcA0d6tLP0QZnUc3gxo8Stc6nKG+mtY8PszlyKqyaGoUiHMpi8PiIvHeoelOldOkYuVHO3tNNvN4B5Aq9uFOJMQcRvxC1TXhm79PPbZ0stD/cu0x90S78TvIBU1Wq55vPc552uJce9el2jQ1nf71Fk7Wi4ebYVZX6H0D7j3s7Q4ciJ71aaJMLGI4pPpYytPaOhlUYsqMeN8sPmO9RamhqzB1qL8NbIePyElPkrCnRSMpIopqe2k0YE3TsdLTydCJ/Kqk0SV1JvXHb4FEs7303+0ovuP1mJa8D4Xt+Id41EKa6hdAMYl0flcVEjFJpS0x21tGksdvo2w3ajRRtMQMiHgfYdhfaPsmHDvMHTdlcwgPEYiCMiMMvRVT6LXi64SJkaiCMi0jEEbQtL0TtbrQypQtJFUUy265wh5abwF4jNwIIvCCubNgNseQqWumnI+95x5Ltkwa4/eH5QrHS+hn0WG512TMxi0fejxyVcDdpk/P3hcri4umdFqS0dYQTTA2T+Uf8lF0vi48HeQ81Kpj/ddsYwAdpPkAo1XrPA1m73ux8ES/kF2h9upw0D7LHHhgB5pmjxcYACccThrKfpnG8Nt1vMn0ClWUC6O3xKitlp6Mqfdcdro711zovnY0ALlnZ1GbyD3J7wA105udA+uwrtWzja3Q6mMaY7VQ1DLnHa4nmVpAzrzqaxZgKZ+Fw9CtRWoTUULMscE8BMCICgBwCeE0JyaAcF0LgXQmSehfw4H+zVn7Y/QFsI2LH/w5/6NX/2D9DVr7yLGjpQalnac2MPFoPiEQlNcU0waIb9H0TnRp/gb6KSxyHUcmF+CifY49B3VNiG56zXSrpKLMGtYGvqOg3XTDWA4kwQZOQ7TqhVdm6dAjr0TxY+fyuA8URg2rQOSRsqr1GfOolUtHpVZ3Zvez52HxbIU2jpCm/3KjHbg8TyzVKLiS2mWFKo/WealMO5RGGApLHJSnLxjUYhg5KkcOfihvJAPCUmCBGwRyQssg4IO9jXCHNDhsIBHIqvqaEs7v+2GHawln6SApqQVLN9oTxlLaei7Xlt2s9t114Bwa4TBbjAByJ1qpq9FKoxa9j+bT4Ed62THpNKtZ0iHiZgamh67PepOja2HD8so3RGWWmowgi8wnEEe68HX855LcplVgPWjEZHXjvVvKpek8HHw61+EFUulNAXhepADazIGTjd2HdlwVuGhHYISklJDTcTz+i036sggggEHAiAOWaj0GzWnZd7mk+a3ulNGMrNPwvIgPA8RrCyH+nvpVHB7YkuLSPdIhoEHguecGjWMrIFuEu/rEf0hp9U+k1zRdZMCeZMnxTQLz28X95gKwgBYV8mbN/FGaoU8GtPwjyCZWpy+k353Edg9U+naBefMdXDDeMEjWHt72pjBA3uMmR2Dkuy1SOZJ2xmlH3KdRwzJDG9sAx2Ss4FO0zaT7KkAYOL52lxgAczzCovaOO4zmJnxhZzlbLjGkWbU8KsFZ418wui3uGYBSsZaBPaVXM0k3W0hSGW1h+KOKYE4FOCAyu05OHNGaUEjwuhcCcEwPQf4dYUan/s/satc5yyP8Pf+hU/9n9jFqZS9KCBMeuApOlMTI1R2Kr9LaSZQpuqPyGQ1uccmjipL34k6vReX9KdNfzNSGn/bZIZ9463njq3cSko8pBfFFVbrW+q91R5lzjJ2DYBuAwUStbm0iBdvOOJF6Lo1DLM58k+pUDGlxx1NG0+gzP7qoNEuJJJJJknDElXKTWkJL1ltS0zSPvNe3k4eSlMttF2VRv8AUC3xEKhOj3aiO3D6KBVoubgRHhzU85IfGLNrYrY9hBpVMiCA18tMai0HEL1GwWkPY14wDgDB1TqO8ZL5zXuHQetesVHc2ORKly5djUaNJVfMbyO7HyRGOUMv68bBPPAeDkdjsVDRSJAKcSA3fKCCmuclQ7C1Thy704FBLsRu/wAJzHJAFJXC7Um3k1hxKVhQVPa5CvJ0qbaKqx4cQlXYx7Cx7QQfrA6imAak7JWskl6S4R+jDW2wts9e7fvNIDhI6zbziYMZ5Zqr0ppO68DD3Rr4qVpWqKlao/MTA4NF0R49qyukXRUPZ4Ip0aY6lLf0Dsdf3p+Nw7hj4qRa3i/Vu4dVrZx+zmdipW2o9U4YGYGudqlM0kLz3EGXns6sQOC1T1Rj7ZNtjWD2Dajb7GtF8SWlwvC8A4GQcM+Cu6mgtH1rdQoWWoWUnscaj3OvBroJYGl5zMAFs6wsvbbZfIIwAEHLUh0bUWQWmDxUN7Glo1fTzolTsQZdffvCcgMjG0rz2o4K6t+lX1QL5vQIG3uVLVaN/ihIkGkQm3RtSulUA4BPbUcMnEIV5OD0WBKZbqg+LmpLNLvGbQVWh6IwSqFRuejPTM0GOYaUhzr09YYwGwCBGpaih08pES+m9u8EOHfC880dSIpjt8SjXyMpHDBAKr2em2fpfZXfG5vzMP8AbKsGaZs7h1a7DuvgHk6CvIH1ScPEA+MqO9kiASO/ukBPY5JeM2/TLTMM9gw4uE1HDU0/ADtOvdxWG44AYk7ANabTD2Nui4QJOMg4mc1FtlVxAEAAnGDMxlqGH7KlJRjRLTbA1qpe7CQBg0bvUqTRZA24ckKzUwNxR78ZCTOQ2qCjrnRG0xzKeGBw60EbCg16RDS52LjkBk2fNTwAc8xr1/uixUZ+22a46NRyPKV6l/DWvNjA+y945wVgNIUS6m9wghjm9b5gcO49y1v8La3+3WZsc08wR5JNbGmbymcXHs5D1JT2vQGPwG/H8RlL2iljJjHpXkCnVTi8IoArXYo15Q6T0R1TBJoaDuehe3Az4lAfVWf6T6T9nTdGbsOzLvOCSjegboHpPpw1lYMYwOYPecScCcoA1beKsqXSbW5hg6wQeUgLykvxL3Yxid51DhPdKGyraQJbWqcLzo7BMLZxitNWRyk+me8aMtjarL7ZGJBBzBGowg6ZtXs6L3zBuwOLsB4rFfwu0hVqNtHtHl100wJjCb85DhyVz0ttQNylj1rzzGxougfmPJYOK5aNU9bKOi3PtPZl4LOWipL3HaSe9aGm+JH3cfrmszKeXSRt+GrbZTFpnBp5HyVhZ9H1CARTnsC2t0Lhpt2Lf9ZxcjFVLDUyuPGrBsx25ZLlLRzzg5jh/Se3FbUU2pFjT+37pfrQ+Ribdo91MB0Q04TBz34CFV1W4L0K1WNj2FjiYO4YcO3FYe32R1N5Y8cDqcNoSlGhp2VrgnNaAQT7p+oXSEmOIy15g4g9izKDvY0DAyZ7IQnNbu7EnVCRGA4ABMZTJIa0EuJgAaynYDxTGoqRZqHWE5LU6K0MxlMXwC84unGPugjUPGVLfoqkQRdbjrEyN4k4KlFk2i56YfyFazsr2c+ze0NYWXQ0vEe8bvVnfOK80fang4PPbj4q3t+jnsIDbz2nMsaSQN4Ve2xOeTgQBkXNIlN6GRxpF+48R6Ig0kdbR2GFyvo97cboI2tM/uoJzi6UrCiwNvDtRHJAe+84Rkgtpngj0WDMp9gSm7MMP8p+j6sEOeOrfLb2w6r26cOxBc6AeE8sVY2FjfYXbpcHDEEjExJ1YYzGzehsVAtK0rrmjUXCOCG8ycO1FpVC4BhcHXCQDrIGAnh6LrqeRjbOGBOo8o5FKvRjKgNwtmA4QR2E48pU7+HlsuPrAzDmCIGufSeSg1HYc/Ao+hrW2ztiGuJzN5wM8Lh3DntQgPSW6Rp/aI4tPkiNtdM/G3tw8VhB0kZrYRwM+Sd/8gpbH8h5lFCs3zazTk5p4EJznrz86bonaOIHkVxmmKf2y3Zg7yCKCz0Nj4BwSNRYVmnWf+Y83p508NVY/iPmigs2FoqwJ3LzfpDbzUfE4Dx1DsHiiaZ0++7dZULpzgz2LMttL5k4neE40mJ2yTUxIbqGJO/9h+oqVZXOvNMC5MQc3YSTuACr/hO12E6yXGMVaNpmIBEsvtJ3Fwg7+qYRY6L7onpBll9vfPvuYWtaWyYDpwJwxKtrVa21qhcPsYbpdELNWdjWMw56z2612y20MLpOd0DgDKSW7G3o0FegGte6cwTwhpWVLFaWnSgcxwnMQFWe1U5VZv8AjScUatrSUrpUgADP63JXNmC6TiIpaUx17YpwYd88T4JeylFAVjnOUK10L7YeARvGXA6lfOs6C+y/UKXEdmJtOgj8LuY81CdoeqPsntPot6bJ9RCA+xqHEvkYU6Kqfd5/spNkoupmRdvbcz2bFqn2JR32FLiPkVbdIVBrCcNJPUh2j9yA6wHUlsNCGknpO0m44ESgvspXBZzrStjOvtu4INptIeCLonaEV1nCYbPsQBBYNyJT15JgO0wcvVObu7NqtEg6zsCNx8MO9Wujme0aG3oYwBpA95xgTiMhwxVS9k4FTdB2qA9sdbPsyPLzSY0SbS8teXsYLjLrCJAzyjmEf2L8y4A7I85TaVO/RcD8ZceeXgErNXLqYccxg7i3A+vak0CAWyo5oIMExhjv4Ya+Sg0iD78j5f3CkOBeSfrDJN/lUdDHMo0dbn/l9FIp2Ggf+48cQ1Rf5crooOTJLJmhaLsqzvwt9UdvRqmcq5/AP+SqAx4RGWh7dZRa+g2W46Js/wDOfwD/AJptXodLSWV2l2oObDTxcCSORUOnpd7c1Npae2qtC2UWmNCvszWOc5pLy4Q3ENuxHWOZPDUqxq0XSa3CrSZta+ewgjxhZxpUurKXRIa7FmvrDDbGQ5wr64GueA0vHU6xgS5ph8DV7zAOGaz1+BIzaQ4f0lX9E9al98VG47XkubP4QO1JgjRaI0cx9IFzXNMmJwkbYIwGfGE+0aApumHEcvKFa0nBrQ0HAADkIXXOB2LZRVUZuTszx6PMaZJceDsOSf8A6VS38h6K6mE2+PoI4oOTHtTgwapH1sQmBHarENIdOBkRBwx4pzWTm49w8k/n/lduyBBG3EeqQAzTG/8AEe3WuexGf9xjxRSw7cNic1vPYEgI5sw38z6rn8uNk75Klwl3oAgvs42ckF9mGxWkfX1qSc1KhlK6yDYhOsqvrg1IT6RzARQWZ59jOKjVLFmtFUYR8H1xQwxp+EhTSHZmH2WEB9ArXOsO5R36NlJxHyMJbqJaS7U7AnYowfjny1Lb2nQt4RCoLV0cqDFgkbFNNDTKd5xQmghwc0xOB7c1Jq2Oo33mOG+CR3KK7eD2oKLv+dZdaGkkDYDqUWz1HOe9rGmKkYHUcicNUINmoVX4MY4jbBA5rVaI0R7PEiXkQTu2DYEVbJukAs+jYaAMY1+aP/p2tXDLMdiM2zrRJEWUTdGnYiDRw2dyvRSTxRB7frJFILKL/TQuHRo1grQfy4S9kE6FZnTopp1IbtBMOqFpDSXAzilSHbMhaejYIID3DslVlXorWHuFrvylehXd6Y5o2JcUPkzzn/QrSMDSceBafNXWg9DPY4Pey64TdGsTmSQc8+ZWrldBQopA5WRmSNaKHlEJQ3qrJGPedpTLx3JOQr5TsCVTepTHYb/rJJJNDYXxXWunHDvSSTEdB+tac2UkkgHg8Ehy/ZJJAHez/KR3hJJAHQ36hK79a0kkAIs+vBJw+s0klIHCxc9mEkkxnPZrvswkkpAb7IHUmmzt2AJJIA77ILlyF1JAzl1cLAkkgQixcNNJJACu7krqSSAOhOhJJMQ26mGmN/ZzSSSAYWDYfrghuZxSSQAwlDcVxJAwL3lRnnHWkkgD/9k='),
(9,'data:image/png;base64,/9j/4AAQSkZJRgABAQAAAQABAAD/2wCEAAoHCBYWFRgWFhYYGRgaGhgYGBocGhweHBoYHBoZGRgaGhocIS4lHB4rIRgaJjgmKy8xNTU1HCQ7QDs0Py40NTEBDAwMEA8QGBISGjEhGCE0NDQ0NDQ0NDQ0NDQ0NDExMTQ0NDQ0NDQ0NDQxND80NDQ0NDQ0NDQ0NDQ0NDQ0NDQxNP/AABEIAKgBLAMBIgACEQEDEQH/xAAbAAABBQEBAAAAAAAAAAAAAAAFAQIDBAYAB//EAEQQAAIAAwQGBgYHBwQDAQAAAAECAAMRBBIhMQVBUWFxkQYTIoGhsTJCUsHR8BRicoKS0uEVQ1OissLxI4OTlDNU4hb/xAAYAQEBAQEBAAAAAAAAAAAAAAAAAQIDBP/EACARAQEBAAICAgMBAAAAAAAAAAABEQISIVETYQNBcTH/2gAMAwEAAhEDEQA/APVVnYxPUUzjzyV0kYMVdkI+94Uhr6brU1wOVTlwBxirjfNMu5w1pgOUYe0afdEAr1m+mXKKcvpY5IqoXacT5QMb6ZN4V2ViVHN3GkZmy6ZltRi67x+hNYI/tVMKPU7BieQiGIbcSSakOPZ7IHvJjHaQlI04FnoNSKCKd5NPCNLpu1Bku3StRS8KCnjHntpsoU1v95/zBYNW6eEKhJikVxGFQPtEGKj3jVsWGuna8lAgKak4k03nDxgvYJZdbl9FUbScfCJpirMIvDA936xZlz0DUKndUmnIYc4htMoI12itvFKZbSKx0lwSKUBrkor5CLKo3KtSjALnu8sIrT3krUlmvagMNeXo5Q+ZaECi+HJHEV7qiA06ZfJww1fNYujrZODej3RVFRErDbDbhpWkZ1MOSURiYa5xy8YYK6oiJMNXBKUiNSp8yImn2Zadk47j7oFo9DjE0+0KRRRjtqf8RdMRvKINSRwz90IuOzviMmsNMRVuzhQcxTWTX4xamdo9mpG6vmBFFJYIzx35c6xYk2kUpSv4j74CSXhkt3eMT54RMyXsg28mp8ScOEVpTnIEDj/iLrJ2as4J1AEn34cogiSzu5uorNwoacTXCJJVioaNge4++gMVkdlwViBsvYeBhXNadup4ExnTFmdY2BqpqNRwilaARs5xbk2l1WjE3dmMVLQbx2Dj7oXAyXN4ncB8YUuxx1b4iQUNanu/WJWc0zA7secZDqn5oIYwGrz+Ahgm7/COZ6/JMUKK6vd74sowIxPl5xTUVO753RI7piBzqY1BcYS1X0TXGhvZ/PCI0nCnonn+kUpTjZ4xLcbZCUI80k19/wAYVJmuphKCGA7o1rOLL2gkYgREXhjGIi8NVLe2wTs2lii3UAXgaczAe9whpeuqGgrO0xMYXbqtvzPMwMnTiMKY90VySD+sPDbR4w0OWY2vxpFlZ4AxYjhFMjZD4miVZprerXmfOJA9TXHl8IqXuETyJoXEHHhCC0zU78sQPfEbTaY1hk2bUgkjecsOENIrv7oWid5pbZEDUpS7jtr7oYppr8YRh84w1rHVIhCYUxE7w1EgNdkRsaQgaOLVio4PCq0IDTbHVjIeF3xOHwp8+Jiuk0DVzMK8yufgIWizKc6gecSFx6w8SYgRjqr34ecOmMabYzrUiR5ijL3/ABhEtFDs+dsQo9cxCNM3Dv8A8RBZmTK5NU8axC7sBtiuCdoELf3jxieFKj1OMSlwcAIgZRTPw+MMIx98WeWVmYCM8I4vhgaRAJnCFEzhFiOdjtMNvHfzhWmCmQhgmGLFOUmsXEmGn6iKSisSYfP+YqJi52R1YZejqw1TqQzCGs1dUMqYsQ+YsNVd0LSHEboloiuCuvnCF8coVm4Rf0Vo0zO2TdQGldbHWF951VGcX+CjeEEbBox5ovANcyBAJrw3b4vaHkpMdnCKJMtiiYXi8wemxLVLKCbqjKuNMBQvKR5ovlwEJIUFb7FQSAwLNQVpUUXIiNTj7ZvIOsdhkhe1ZnZ9fWWhEFdySSzU44xeltd9GzWVP9mZMb8b0EWhYBSheYw2Xgo/kCxHPsUtVLFSaAntM7cB2iY11jPY8aUnjBDd+xLkqOTVhF0xah+9mHuswryQwK0bZg81EIBWpdwdapkDtBcrUbCY050dK/hS/wDjX4QwtAtKaWmOFEwPQVFcASTTVdVSe8wE0K8pi4tIeoPZdGChhsKU7LchjqpjsZ2ikIN0XK7KlTuKnCnCkZDTGiWQllFGFKjyodanUdRw3BkpOV/Q0mirK2STvxj4RL/+asx9Wf8AjT3rGUsel3GBJrGgselmOuHWHarg6KWeuPX02XpfuURZldGbIP3bnjMPuaHSLeTri2LQCMcYmRO1V26M2U5SCeM2aPKsCdMdFkuf6Nne/UejNLCmvCYFPKDwYj0Ww8f1i/Y7SaUOFNe2GRezy2Zolx2bjo+pXQgNuR6AFvqmldRJwimUPrVHcY9pFogdpPQVntFSyXHProADX6wpRu8V3iM2empy9vMJV0ayO7/EdNC7awZ01oCfZu0aPL1TFBp95fUPhvMBXrnQ8o42WXy67LPCIgR1aZERIHBwMMeWsS0hQRC3xvPdDOsUZLHB90ZmrcKznUKDfSIwQTnWHkjZHNhujbFJMcAZeJiFDthWI2jkfhCog2iLPCHuRSGIa7Y58IYHjQnYga/fHdYN0V23msOBG6Bq07UhpesIaQ2sFcIWkJWFvUiWkmnBqZ+UdfhK11QjCM63iaxWQzXVFOJzJGCqMWY7gATBvTc+5KCSRQsVkSRrvOaAk7cSxO0wuhJQlyi7UDzMF2iWpxO68w5KNsRyB1lsX2ZEtn3dZMNxK914x34TxrjyvleeSJMuXIl4UF1TTXUIGO8u97uMHJaBVCqKKoCgbABQQETtWq77AU0+qqsP6nX8MG6xtilJgZpqdRANp8Bj50i+TAPTMyrquwDmcfKkCL3RmX2nfYEQccWbwuQcnT1QVZlUbWIA5mBnRuXSST7Tux7jc/shulZmj2NLTPmK61BVFJC68P8ATYE5a4h/tW/2tI/jJ3Op8jEVpaXOWiOjOAaCoxGtSNanwwOqMHbbRJR2Et76A9hyhUkZ4qRUEZd0LYtKKrqQwFGGOVMdsDDtM6Pum+mWPEEGjV3g4HuOuKtgtRrQ8DE9n0uWmXWChJkxySQTQtUKcDvXwMLb9GMrXl27Pds+eFKJyLVvglItEZ2QhGLKw3jtDupqgjZZqkgBmJ2XWr5QQfS0Rds8/VAcI1MADuvLXxMXJCPgafzL7zAGEmRYSZAu8w9UngU/NDVtrhiOoegya9Koe6/Ud8ZwHkm6jiDgQcQRs3iMxp/ocswF7NRHzMsnssfqn1Tuy4ZRfXSLgV6mZwrL/PSLku3i6GIIwqQbtV3Eg05GFmrLjyK0S3luUcFGGBDAgxwccecenaU0lZXNHdFcDByUYYZK6Xu2uOXGhEYfS9wu7oZai9S4mAC0HaCkDAnV30jly45NdePLQoNtHhCmvCHXxqHeREbNjHONa4E64kYin6wzA5x3Urqh+0Qux1QqPCOsLGkOdqmGgCGNxhFhoR4b3Q9jDKxdFtX3xPYrO8x1RACzZY4YCpJ2AAE90V2YHKNF0NBvTGBUXLgPYUswe/gHzUAywcM9cJPPlr+CVm6Nogo6BztMxkH4VStO+JxoOTT/AMCV2mZPPheEEL9Y7CO3WenLtVL9mSwKLJkg7brsf53I8ISbo1WFLlnXeJOPMv5RccDYIF2/H0XZGGIKnzBwYbodZ6TtfaadY3OLTFwFP/GQABkAL+AiDRNlpfc0LTCrk0p2FFJY172+9EU7SLGQ5agcIwNMqkUBG41iybUVVgqhiMFF67kAM7p2ZU1xoWJ1lVjWlG9oHHy8YRZTj1+YJPOsB9AznF9mV0RiTdmTC73sMqjsrnr7oMfSRAcUf2x+H9YqzNHXmLFhU66HZTbuiwbQIqW7SISWXN4dkksqBruHpEFhlXYYC7ZjMlpcRwFxwug5kk4neTAjSOgEnMXcds5spZanaVBu17o7QGkGdMXeYuJWY6hCRWl2gzpQ4wV60QGWm9DE9V3HeD7oFaY6P9Ql/rTsAIrebEgCmWRjfdYNsV7TKR1KuAynMH5w4wHmlmrhu99PhHocirohYYlVJ4kRRs3RmVfqC5oT2aimQzIFaDjGhazUzgA72WhvKK1zFaGoyI36jXYNmLetddcxf5hyUsIvWiyq2Y8TFJ9HqMgRwZvjANOlHGbqR9eWq+agxJL0sT+6lP8AYLL4qxiu1lp6zD7x+MVbRZQczXiFPmIAwumUGcp1+xMvf1iJ06RSx689PtIH/pMZyzWSc8wS5Mt3YivZIVQBSpJLgYVGowYbo9aAQpRC5oLgejV2YqFr3wBSX0mT+On30dfIRZXT0lvSeS3318nAjLz9DzgSDJFRgQJkokHX2Q9Ya2gJ2uQa7L8uur69NY1wGvS02d8rvccOQ7MKZUk+rLb7UtPNQPfGKOgpwONmca635OW3B4R2aW3VskxXpW5kbuVSa3QO/GmFYDZPY7M3pSJfcB50BilM6N2Rsg6fZckcmrGf+n0wLoDsaeARxFDDxphBnNkf9j/4jOQ8ijdEZHqzXXjQjyiN+huHZtCnihHiGMUl07L/AI1n/wCc/kiVdPSv49n/AOc/kidePo2qNt6KWlD2VEwbUNeYNDAOdLdWKMjKwzDAgjiDGxl9IZY/f2b/ALB/JCaRlpayjypkklARMbrVKhfUBpVi1Th2cRXZGeXHx4anJiXB2RyVghahcdkZe0rFWFdYND5RXM0bAI5S/S6hrCXDsicMNvuh3Z3c4nb6TXCyzPYbkY0HR0rKScZnZvGVdJOGHWVr+KKAun0i3jSINJuBKZQTiyUx2VJhx/Jbykq62FntyM11XQtsDCvdti0WoCSaAZmPLpQOHHCCnTDTYJ6mWSUSgJqTfYbTmQMOJrsEerWGqfTEkm6JqE/aw7jkYjtTR5aLS1c/ARptAaYLDq2OGS19U6l4HVDQSt00hHA1j3g+6KX7fep7KePxie2ZEbjGcRa64mg+vSFvYXmY49IW9heZjPld8dTjBR06ff2V8fjCrp9sOwOZgCO+EqNpho0Y6QnWn836Qo6QfUP4v/mM6GG3xhQd/jDRox0gHstzEOGnl2N4fGM3zhefKGj0Xo7ahMVmU66HbqzghaJmMZ7oEpuTW+soHctT5iAvSXTxZmRGogJBIzc68fZ889kVGktOmZCGjOCdi1an4corppyQ2Aen2gV8SKR5y1rbVgPnbCLa3GuvEfCGj0x3GrLVFSYIymitLlDQZa0OXFdhjTJNDqGXI/NOMNFnR2kGs8xJq5qcR7Sn0l7/AIRt59qS1XJ1mdSxu9ZLvIswXSD6LHA4d8YMAbIrzLEhxKjnDBuLNoac028yMoGIqpG8VYdnDca8YMugrirA6jSgOeWGXOPM5KMnoM4+yxHlFlNJWhMp88f7j05XqRRoulmkGkooT0nvdthULTE02kAV2YgbTHm2krcw7CXiX7TuT2mrhi23DuFANx7TNqm2lAkye7AMGAajCoBFduR2xkrTJNAhCl0OFamqHGopnkOUQUJYWtOzrAAU17ocsvA1G+rMG8BjEwrX1iK6iACPcIiSlaC7XEYKb3dqHGIotoro3OnKrLRVYtcJql+7mVFCWxBGWqHaT6NTpILm4yrgxXtlcq3q02itMq40ipZtIzEAF5iFrdq5qt6tbt04Zk5Z4xLaNLzHWhLEdoVLGoBABClsBUUGArzMXwBgXEjDvYE/gzJ3Q+S7IQ6EhgRqug7qesI5V7WHgt7MfxNuOcdLWuApWoyYseRyiDU6bm33WZcp1ktJhUGoVmWjCuvEQOuk6gIu6Etiq4Qy5T3lABm1KqwZhUEEXQcM41osE3VZrCOMuvvMcrwtv+jAsKa4Wp2Dwj0BbBaNUuxj7MkfliX6FattnG7qF/JDp9mh6aGT+K54WWYfMiB2l7HKlFDMEx0Ja8CgkmopSgZjfGJrSlMNsa4fSNtq5WYe6MV07kzBMlu/WUZCqlyhxVqkC5gB2xFn4+PG7J5Np1t0lZhLKWaQUc4dYVFQuujAkk6u+MHanqx2DAfPj3wQvUinYrNfcKTQYs7eyozPkBvIjpKIJctm9FSdtBlEsgMjA0I245b/AHxo7PaTS7LldgDDK8RtA9Jjwihb5YYXl+d0AbR76q20Y8dcMs/Rt2RWDqKqpxB1iuowIs1q/wBJlriCCPAHy8YZL0jNUUWY4AwADtQDVhWAOnovM9tP5oY3Reb7Scz8IFrpqeP3r99D5iJU6QWgfvK8VT8sTYLZ6MT/AKh+8fyw3/8ANz6DsqfvfERGvSaftQ8V+BESJ0omj1U5MP7ovgRv0dtHsV71+MQvoGf/AA25r8Yvr0sfWg7mI9xiVelp1oe56+6HgBX0TOX1H7gT5RC8p19IEcQR5xqbP0nD1ARzRSxoVOAzzOOod8Stp5DUNLmCmJrLGA30Jh4EOjbV1NgmMDR5jlF21IAJHAVPdGGtM68fqjAD39/wjR9INKI8tElrdVS5yAqWoAQOZ74y6qSQBmcBxgh8iQzm6oqYItoJwKtUdxHnF+zMZQ6uSKuRV32bRe1DLjhuETJKnZ3kc+ypYN3XlAY7sYKz8yylDrB1f5g1obSFGocmwO5sgRu1ctkNtCB189x92OYgQtVah4H3GA24m0hwmoc4FSbepQFjjTHbWKFsthIoDdr2a8cKmLqDD6Ts6ki/Uj2VZhXZVRSFXTNnGc0j7Sv71gRaLQrqUDsiIoEsCgVm138RqptOZgfLD49tqAanI8oaY1yaWszfvUPHDzjp+jpFoFVZWIyKsCR3j34RjxNf22O4sW8GwhgmMDeAUncoU9zJRhzhpgnb9DuhJYqw2uGr3la3ok0RouZaJglS2lXyGPaLhaAVOrwpFeZpF3SjF6aw4x29l6C930PHExf6I6Vl2e1S5s1rqAOGahalUYDBQScaZCIoiOg01XuGfYlegNy+9+jMFU3StaFiADtoImHQiYa1tNkwBY9lmoFuljjkBfX8Q2wSt/SqwvMd1tLKGSmEmcTfUDq3IbsVVlUghQTdAJoIgPSywLfpNm9uQLPhJNbqrRGqxFWBaYd94D1QYCCzdB3c3UtdmYqWBCyQ1Cl0MM9V9fxCM9payNInPJdwShoxlyklhqgNmMdesRp7J05scp79LS/ZdFAly1AQlCoNZlSRcz111Rk9OaTW0WmZOlgqrlSA1ARRFU3gpIzUnCsBorDaLOlnKXRNmTFJKKVBRVFFvO2CKg9ZqCrE0xMT6PtKulDabU5U3GMmrpUAGisxFaAgVpTZhGLmlSlAwpgWzq5GNTSoFNS5DbUknX9DJ85LMOr+jBWd2HWTLr53cVDYejEouvLTWdINxUfmiP6NL/h2078PjBM6QtGt7CP90n3wn06f/GsX44gI/QH3f9yf8YpaU0AZyFGEoH1Wa0TXKnaA5IiDq19kco64PZjPZvozGkOjwko3XB0IBuzJbLNksaGgZRR0JyqcIzVhHYI9tlU/ZUXmHfUchHpM2QpVhdOII5ikYHo9Ivsq7b577ixrjdTlxxLOV6XlJFM6eHdqh89ryB9ZJD/aGs8Qffrg5o2WoLqwqaPRD6xFcBvwgZpCyqidlgyubwpUjsVWoJzBvHlG2WeYlWIGs4cTqh8hGb0QTqphXuBzhVtLI6OhAdSGU0BowyNCCIMp06tQzKNvMsf20iCpL0LPb0ELbrr17+zTxhW0FahnIbw+MEpXSq1P2vo6PsZZU07jRlbyMVbV0ntKMPTknOhLtXunFqDhhE8HlSfRk8ZyyPvL8YhayzB+7Y8Be/prBmR04tK5sj/aQf2FYup07Y+nZ0bgxHmGh4GX+jzP4b/gb4QxgwzRhxBjYp0vsx9OygHcEbzAizL6TWBs5ZT/AG1/sJhgwaWq7kxGvA0xFaeZ5xKbc5FC5IypXDZ743q6X0e/r07pq+QhS+j2/eIftTH/AL2whg89ntVBxp74bo8Uct7ALd+Q840vSWyWVZJaQ6sxdSQJl8n0qnFidcZ6wpVWG1kXuJMUE5SlUprajMdZY5DuBpz2xTmF0aoJB+c9saGZIo4B24+HLOCGk9DIZaEAksTQLiTQEnLYBXnkKkMAKZMvoJtMT2XG1qGjd4BB+7rMBrcmR7jBqz2dpZdDiroXX7hJ7j2YE2oZj52e6Ahlz8PnPXDXfXsxiuTQwoaIJUxxh3PmYll6PmnES3odVwkHnSkSLo+cMRKccEf3PFECu5NA712BmryqIL2bRD3b86Y6KMaXzXvJPZ4Z8ISRNtaCgSb3y7x5uSYr2mTPmG9MVyB7boij7t2g7ooitlslg3ZSVp+8arHit84cYGMldp5Rbe4ubIdyl25kMBDDaE3fgB/qJiCAydx5/pDTJ3efwiY2hdn8ifCOFrAyA/Cg8lgKrod3MfGHorChXwx8osfTztf/AJGHgIX6cTmWPF3PmYCWQvWAhSoY0FCaVO4AVPCNzo612OVKRGs81mRQrN1eDMB2mFXGBNTlGP0bO7a3FZm1AmuOvu3mNdd+r5Ri3G+PHVr9sWL/ANWb/wAa/nhf2zY//Um/gT88UyPqnwjqfVPhGey9J7X+sTfzEd1ib+YiljsWHqTsHOL1Oy4JibTzEBbLY0kWuUUJuTGeoalAWAUAU1VYZwRvHZ/N+kUdKoSl4Lihv+liRkwGGdCTxAi8ZlZ5XYv26wsloNNbX1+8a+dR3QE6VT7zsLoXq6qKawWFPnfGts2kUmykZ1ZmUVVkDG9+EGnA64w/Si0C+w9Ytef6tBRF3EDMcK4giOlYjOTGi7oDRotExkYkC4zXhqYFQDvzygazRpOiwVFd2YgsQq/ZFanPWT/LGa1Gr0dYBJlrLDEha4mmsknAHDEw236PSahR8RqyqDqIxwMUWt6e2fH4wxtIJ7Z8YzjWha9DccZ4puTH+uDuj9Dy5IFyl4euQL5Jz7VMOAikdJL7Z+e6EOlx7fzyhZaSyC8+yhxdejrnRheFeBjG9LbCUm3xk4rUe0tAw5XT3mDJ0yPbHh8IpaRtyTUuM42g0FQ2owkspbLACzspW6RRhiDTMbKxFaWFezWm+Ec3TTsneMRERJjbBwffBPRyFa3lYUZWxBFaE1pEWjLKt4M5WgNbtczqru3Qf0hbr4WtMG8DgfdyiarTaasAFxxjmK/hp74dIll0VA5R1rccaq1BpXcYIaKYT7MFzdAB95R7wfHdFSQlG2GuR1UjTLOaZkXLQqA1F1xjtZW/TnGatTYtGv066mYXBxlqQwp6+Bz149WCPrxibQ+cRUDj57o6zWt5bXkajbbqtyvA0jmPz88IJWbRKMis7uCQCQAuFeMQMHSO0e2pO0olfKOmdIbT/Fu1yoiD+2LsnREgGpZ2Gw0APG6AfGC9nmy09BEXClVWhpxETsuMx+1LS/7yY32Q39oiraEnEXnSYQPWZWoO9hhG5/aHz2vjD1t3zVvjDtfS5Pbzk1hUl1+TGu6SSOtQOuLS64Y1KHMd1K89sZiz2lkNVMWJSpYXLXQhrjWuAFKVqThhUcxCWqytLoGIvHGgxoNVTvx5QQXTTA3govUoTU0I2MMQR81gZNmF2LNmTX9BuEVDFWCGipAeaikVFakbhic+EUBGk6OWYqDMNO0KLX2dZ7/dEqweRVUUVAo3BR5Qt7dEZnfZ5RxnjdyjGN9jy42fPOOvrsPz3xF1w3co7rhsHKJi6ql5nstDTOmbGh6zX9o84es86zzpGPk5MK7Wpx7Xz3RG1vcbfGCAtPDlCNNBzAh8t9GABtE1L3VOyK2JUNQd2MDZklzqr3j4xrSEOaw02WUdsa+X6TGRWyPrXxEXxPmAABAAMBhqg4dHSjrMNOik1PTnF+XiYBm0vs8Ia1ofZB39knU6n53xx0S/1T3xfl4+zGdM5oaZrQfbRr60rwiI2E60PI/CLOcv7MAmcxESY0H7PHsmGto1d4i9oYz+OyFDmDh0cu08oYdGr7UNTAlZxiVbVti82i94iNtGHdF0xpOimmSCArAOABQmgdRkK6iNvniDrLZpB3GEoq2tuwKb7xbLfSu6PLfoLrl4GJJk+0kXSXI2Xq++Lpglpq2KB1aMDjV2FaE40VScSBUmpxYknAUAzsx6mJHR/ZblEBlP7JiByUJFctfCC66REBeqbYY7qW2QB0aRG7lDhpBd3KAPUtDhJaA0C6RXdDv2qsZ7qWh3UNAHW02o1QEt81GYsilScxhd4jZCfRjDhZYCnUwtDF0WWHizQEdhRAauHbcKXe/GpjQpa0PtCAqyIsS0pAF1dDrPMxIKbTA5GMWUmGCrN3f5Qt3f5RGsyHX4YHMi7IQSRsPOFjo8NacbONpEMMg7QY6OibR1xo6pGrwjo6NTlUd1m6Ov7o6Oijg5hwdoSOgJFmHaYmSa3tGFjozVSC0nXQ8YXrwc1Ux0dDBxuHNBDfo8o+qR3x0dDzP2ONilb4adHS/ajo6J35CN9FD1XHzxiB9EvqFe8e6FjovH8vJULaOcep4RG2j39iEjo6z8lXIY1iPsHlEbWUeyfnhHR0dO1TIaZC7COcN6pY6OjcZL1SwolCOjoqF6uO6uOjoK7qjsjuqOyOjoIUSjCiXHR0FSKkSqkLHRUPCQ67CR0B//2Q=='),
(9,'data:image/png;base64,/9j/4AAQSkZJRgABAQAAAQABAAD/2wCEAAoHCBYVFRgVFhYYGBgZGBgYGBgYGhgYGhgYGhkZGhgZGBgcIS4lHB4rIRgYJjgmKy8xNTU1GiQ7QDs0Py40NTEBDAwMEA8QGhISHjQhISE0NDE0NDQ0MTQ0NDQ0NDQ0NDQ0NDQ0NDE0MTQ0NDE0NDE0MTQ0NDQ0NDQ0NDQ0MTQ0Mf/AABEIAMIBAwMBIgACEQEDEQH/xAAbAAACAwEBAQAAAAAAAAAAAAAAAQIDBAUGB//EAD4QAAEDAAYHBgIIBgMBAAAAAAEAAhEDBBIhMUEFUWFxgZGhBhNSsdHwIsEUMkJiotLh8RUWU3KCkgcjwkP/xAAZAQEBAQEBAQAAAAAAAAAAAAAAAQIDBAX/xAAhEQEAAwABAwUBAAAAAAAAAAAAAQIRIQMSMQQTFFFhQf/aAAwDAQACEQMRAD8A+sAqQKQUgFUSCYKiEIJgpyoSmCgnaRKhKJQWJQo2k7SJhwiFG0i0mmJQiFG0lKGQlciQqyVEyqi2UKmCnZKGrESoWUWVRMFOFXZTslEWWUWVVeiVBYUlC0i0qJylbVZcokqYLS9RNIqi5Qc5MNXmmQKwspKRTE1s+kIWNCvavc3QmoWk5WG0kKNpOVQ0QiUSgEIlEoBCcoRMACIQhEEIhCdpNXChMBKUSmmHAQYSlJEO5MAJQhNRK5IuCUJQhydoIMKBUCipmEi1V20SnIlY2pFqSITQi1QIVoASV1MVWdiYozqVshEhNTFfdnUkrJQmp2pwiFNCy6YjCcJoTTBCEIlNUk0lRXK4yiY57zDWiSdQ4JqYvK5elNP0NBAc6XH6rGy5zv7Wi8+W1ebrPaCmrN1ADRUX9Rw+Nw+4w4bysTam1hJElx+s9xtPcdrjesTfHWtPt2DpmlpGF4tUdk3skTZycYz/AFRQabpGn4iXbHE3ciFx6CsWHicDcdxU6yyyYyxG5bpaJ4lLVx2T2kf4B/s/1VZ7TO8P4j8wucA0gGB1VT2N8I6rvFYcZs6381kfYP8AsPyJfzfGLHf7s/IuK5jPD1KpfQsOUcStxSPpibPQjtmzNj/9mfkTHbSjza/8B+QXmHVVh/dVPqTcpWo6VfpJvL1NL21ZBsh0xdaaCJymHC5UVftw6fjY0t+5IO8SSDuXmaTR0CeijV6k0kgk7L1fZrnhmepL6do3TFFTj4HgnNhucP8AH5i5brS+TvqJabTHGReDgQdhC7WjO11LRfDTt7xg+0IDx8ncYO1crdCY5ry3XqR/XvpUSsujtKUVO21RPDtYwc3+5pvC1F6887Hl0zTsqNhStKKaHCCkVFTVxIhLilaRITUxFyiCrCVAq6nItIUZQpqtqFjdpFgEgk7I9VkfpZ2TQN8o3jsIXFGln6m9fVA0s/wt6+qZJjspErg0uknnOzuHqo0WmmQLTnk6yBHAApMYY7VJTal4H/kPS0MFA03u+J0fhHmeS9LSaVo4m1G8FcusVeqUri94Y5xxcXQT12BSeeGqxk6xVZoYxrBdZaG8hCRk5jmtw0fRG5pcNzyfMlM6JbFz3jfZPmFzmrpEw41Iy+StjP8AsZZ+029u0avlyVlJokzc+d7R8iFVR1KkY8OBYYxvIkZjBSsTWVtMTDLQU0GyeG9WvcuhSVVlqS0Sb52pGqs8PU+q9tNmNeW2RLlvcqnFdY1Nnh6n1UXVNnh6n1XSNc5iHFcUmvgjeF1n1FmrqfVUOqDNR5n1XSsudqqazTAAib9SwMpYIK3/AERoMiZ3lVuqbdvMrpDErSVlrjLrWrHcru6jAnmouo5utO6ei1ESxLm0Yc1wfRucx4wc0wV6jRPbMthlZbGQpGi7/No8xyXE+iDW7p6IfUw7Fzvw/lWb9OtvMLW81fSqCsNe0OY4Oabw5pBB3EKZcvneiw+rutUb3gHFhILHb2x1F69dUNMspLj8L9RwP9pz3Lx9ToWrzHMPTXq1tx/XVL0i5c2t6UZR3PdBxg6pgn9Fgb2oqxLRbvdhdv8AQrg6475ckXrju07Q2C8PBAuxxOoLkVrtxVmEj4n6rEEHiSrEaY9dbSL14Gs/8gMIPdsv++f/AC3HmslP20rBHwto27YcT1K3XpTbwzNoh9H7xC+Su7SVo/8A2dwDB8kLp8e33DPuQ+iyqqStNGJCw0ekg6ZhuQnNcalpSHG+b+EZLyW6mRw9dab5eqa4ESL05XDotKQwNFzkqXSLzeALtWpX3qwnZLuOIGK8o6tOaA3f+itpNIvc0tOd07l5n+bCHmj7locC5geXF14JvIjOFmbd08NRXt8uvT0r3mZiBhlKgHvaudU668v+J0yb5iOGpdxx1cb1i0zDUYqZW3ZtVw0i4eIcSEoG9RMLPc1kL6PSj/E7jf5qwaYeMwd4HyXk+01ffR2LDrM2pgC+LMY71y6PTtNIBcCM/hEwt13EnNfQxpom4tadxII816TRVTNPR2w5rTJFkm+4xPFfKqrSw/HGb17urUhsMIJva047ArHVtSWbdOLPRP0LSjAA7j6rM/R9IMWO5T5LNV628fbK3N0s9oJtEwCeQXSPU/cOU9FX/Dn+F3Iqp+jX+E8iqWdqabMt5Ju7V0v3eS3HqYZ9iUH6Of4DyKodUH+B3Iq1/a6mHh5LHS9s6cZhdK+qYt0EjUX+B3IqBqL/AAnkVnPbisDMcgq3duqxrHIei6R6lzn07X9Ef4TyKPoj/CeSw/z7WdY5D0S/n2ta2/6j0V+T+J8dv+jO1FJlVc42WtLjqAJPRYHdv60M2/6t9FzK/wBua2RdSWZJvF3lcr8n8T4/609taq+jazvC9rnh9hpIIIYLTib5bA5r5+aR5zw3ro/TaWsUkve55IdecYgj5qI0e6YJuGzE7QvNeYtOxw71r2xjPVqRxlpJ64qx7gG38fK4rXRVRrBcTsKqeAcb+CkTi4yUUB2N4wOMHUV1muFkEnLYuXTVcG9sgrJTUbw0/FcNS6U6vb/GbU7nc71viCF5i2/akt/In6Z9p9jdUGvBjHIyViOjXzF/E3LrspwDfcs9ZpDt3BfKfQ1VR6Mbna5gLTRVAtmzN+s6lnqtYNqcIG1bzWjl0SJRT3YnCTPnifNfNqxoyad7nOLf+15aABgHmCScF9Gp6UiXRgCT54r55S05L5OoEmcXEm0ZO1dKbyzaPCyjfDl6ajDS0GcQvHU9LZdsJuIJOes45Lt6P0iwNsuMZgxK1aErLriG4XyrSVz6GtNtfXbz+RWk0gich5LDbznamjL30YGAa4k7yOty5oq7RlO9aK/Wy95dlgNjcgszz8LePy9VuPCa1UdLgdS+haOpLVGw/dHovmLKSDC9XojtE1lE1jm3tkTfhJIw3rN4Il7FqdZpIY7dHO5edHahmTR+JKs9omvZEC+MJ+a54uNQKi8rmDTLPCVB2mWaikLLdSOWGmVL9Ms8J6LBS6aZ4XdF0qxLW5UOWJ+m2eB3RVP00zwO6LrDnLcVErmu0yzwu6KP8ab4HdFWddJyyV8w0b1nOmW+A9FTS6Sa+4tiL8ZnotEtmhpt3eErrmjky67dfevN1bSAY6Wgar54RdrXpWVlpaJbiJiblLTiRKlzJKrfV8r98TC005AEtEXa1m76RuTV1mdVfv8AMfqhlWi+Qeiop6xtMq1lJDd6RLOrbG7kPRCqtfeCSaa93SOsm0ZuWiqPtG/DLWq6Ayb4IPELa2jb93gI8l5Yq9OslZprMhGjaQuxwGZWt9Gw4oaxowV7eTWXTNMW0NJZibBvkYG4wNxK+dPpDab/AJf+SvoWmbJoKSZuY88mlfN6cw4DC4E5Xk4dAulWbNNeYXNwdIJItROU4YLLQExBI5rQYyAGOEnm52OCt0Lo4U1u0XCzZizB+sXYzldsV3IQNM/pf5JPfDTffyXXZ2WeZsvH+TSOolYNKaJpaFlp9mzaAlpm+/IhTYltyy/Xgq2UhIvw+Zj0Vb3ooqSJ2rWMaszB2H5epVjaXcs7n4JsIi+MRiTOOoKTC61imVzKdc1/wiZToq0NfNZmvB3Ok6sQqjWNirFKkaVZxdQpK1sWR9OdS1OeFS5wW68MyyvpTqVbqQrS8hUkjUukSxKkvRaVhdsUS5aZEqMqbZKgSqiygEuHPkvSaPo3OYbMfC4iBfAuMdeq4dC0iJ8Jz1novVdm2f8AW8z9sgAXC4DpepPMLCtjXRDg4bY+arfQEgxa4BdSv0Jusyb71FrCG43jICf3WYhXBo6OJlpF+YI6kJUlKDcRPyldav0nwi5xJu+EE/Jc9tWfjZPGFcTEBQjwxxQn9Efq6hCiY+i2xqCZpllBOxG/zXJ6Wj6Qka1sPRZ7I9youYNSgsp6ZrmuacHAtO4iF8ypybZDsQ4zsgnaPZX0d1GDkFjptF0TzadRtJOJi8qxbEtXXhu/jl1x1ld/svWG0THOc4AuMQc2tFxw1ly6h0JV/wCkzkkdD0IwY0cFZtCRWVrtPsH2mrk6c0w2lonMkXEOEA4g690rY7RLMmgcFQ/RbdQU2FyXkJTb9aBndvMQFdpGqOonxkZLXDV6hZANq6Q5ymw4n3AWmrvMXObmbhJ2Anj0WVjpOwHZ5HFae8jPPC4X5RZSVgzRtc6y4uDQMQJ95LPT1ay74LThdiIIOYKtEjXOe9ApCppMK2UL/C7ku3oTRrSbVMPhFwZJBJ1mDcAuU2sO2qxlcftU8q9Z/Dap/T/E/wDMl/CqtlRji5/5l5pukX7VJmkXjIpkJr0J0ZVv6TeNr8yR0bVv6TOvquGNIk4yU217WCtJMuJpard3TPaLm2iW6rDrwBuw4LEu9pEMpADeHjAnVqK4j2wYNy1EsTAdSuJnO7ZgICbGSQFEK1kDf1G6FRqaABPkIwzvzkr1+jmWKNjTIdi4T9p15vzxhec0bVrw990fVbEyYz1Ls/SZ17LjCmrEOi56g5/u9Ye+Or3zU+8TYMabZ2dVFztyqB9hEJpiXebuqFDh1KFdTHpgUWyqsPecatakTAvjH9guGO+rJStKEnYN6THnOOG9MNWW9SUqJfru2535Jh++5MNOEWf2TLp1T5FAcNimGoFmzjkUnVcH3Ctbh+yZjV5dEw1z61odjxDgSN+HouW7shRH7dINkt/KvTWVX3rZ+sJ1ZqxsHEvOfylRj7b/AMH5VYzsvReJ87SPRegPv3CcpynDiN7OUW08VNugKMZTxXYjempyuw5A0GzUj+DN1LrhRNyYa5X8HZqSOhmal1pQrhrkHQ7NXNIaHZqHveutaQSqjkjRTNSR0W3UOi6bioEoOb/DG6ujfRA0e0ZDkFvcolVGL6KN3BI0XFaCFBw9lVFLqPZ71qs0QxvVzwcrtXsKN/sKogWDGFAu+7crC47FEn3+qqIW9iESEIO607COSYpI25TtCSZauboYec1LvFXYEz1UoQBh2IB3hStRkPK7eouZOZG65SaAM/mgGG68Sdfvknavkc0Aak0ATORy2IgbfeKTXb0y7WgC2cz1Vb6K+TGXTBTcRiq+8n9lBODIAEAXzPkgDYb/AHkl3m/5IJ3++CoTgLvh2XZJ2PvHdfEewk4H2FU57vuxvPogvtb8/cpOdtKp70R8pPmjvBnI1bUFhdv8lDvL7wTu3dECkbrQ6kbj8r+SGkaU+E75amHmfqkbbvkVEObdBGFwQXDJXE03XKDn7UnPHTFVFs4zG8phqTqZuvkqXP2qbgNXMqukDTdZF2YAH7qpqLn/AHhxKiHbQnYGocgqrAG3gOqosLj7KhaKVpQL0ZMvKgUnOUHO2Khx79hCqn3KaD0cJtao3+8lILm6GWyky7C5CaAcVFz4vMAASTkmCmXAXm7yQ0F13pggPnDVqUbWydeNyYBxJTAGlAMHPDK/UnbunLG5IEY3ndemb5HVAB1+OXFO2fLUqmggnCIuugzrkIAwnicEFsDWeSk1oVag4lBN5vxhRczaSohyVvV8lUDqMfukaMbcUOcdRIHmq2ukznOd0YIGWj9fe9NuOHWeiLhqzmbkrQwgcIKuJpijAwGO0nHjcqxjhdljMp29/vYEy75Iag9m/gqQ2ZFuSOmxXudOI1TtgiPJKyVUZO7vxmJ2GVYJnDqrHNKi4IKmuOE3cL0Gk2HpchzlU9yqB7xt6dVEvCg5QcdqCRfvVZff1UQd/lnqwUCcUErY1pquTqQg9SHICjfGvohr8uiw2slBJStBAcgdszs3pC79yUSgn2EACZxKdrWeqRaM0HYgg/4rpO2LlN+8hRA2KL2zd5T5oLLSRdtVIgKRKCTnJd5lHRRJUDKYLnPnIXJd5rHJUlEqixz9+5IPVcolETkFBAxhQASJVRNzoOW9K2c/JQLlBxQWOpEjTKou2KDnILHPOM+Sre/gqnEqslVFjiqyTOXNVOUDKC1yiqi4qDnlBY9VucoGkQX7EDn3KFXbCEHryhCFloIKEKKEFCEAgIQgDmojHghCCKfqhCBFVszQhVEnKDkIVJNAQhERKRQhCVbfrcENz3pIREHKp6EKitVuQhABQpMeCSEFJSd6fJCEFbUxiOKEIGhCEH//2Q=='),
(10,'data:image/png;base64,/9j/4AAQSkZJRgABAQAAAQABAAD/2wCEAAoHCBUVFBcVFRUYGBcZGxsaGhkaGxsjIhwdHRoaHCMaIiAgICwjIx0oICIiJDUkKC0xMjIyICI4PTgxPCwxMi8BCwsLDw4PHBERHTEpIigxMTMxMTExMTExMTExMTExMTExMTExMTExMTExMTExMTExMTExMTExMTExMTExMTExMf/AABEIAKgBKwMBIgACEQEDEQH/xAAcAAACAgMBAQAAAAAAAAAAAAAEBQMGAAECBwj/xAA9EAACAQIEBAMGBQMEAQQDAAABAhEDIQAEEjEFIkFRE2FxBjKBkaHwQlKxwdEUI+EzYoLxFQcWcpIkU7L/xAAaAQADAQEBAQAAAAAAAAAAAAABAgMABAUG/8QAJxEAAgIBBAICAQUBAAAAAAAAAAECESEDEjFBBDITUYEFIkJhcaH/2gAMAwEAAhEDEQA/ABqWXrB5dShN+bv5AWjEiZWoxmSFMg6gL9o88G55SzkmqSRYDSdscoqki1QhQSWW1/OemPNi2+R3tlK3wdeGTNN4IKxTbY2vt5YhylNiTSLGx1AqdrRgyjxajKJUCSZCk3MjzGIqpALNTMz0W0YMiWphYOss4HKZPhgiT8sQ5M3Osi8rE/h/McYriop0tzxEEQbfrjihROsqRzPvOw6HE0r4IaabZyucFMtTkvJAAG0Abz2wLXK+MagaFW2gNAk7EjtibMUqaMKckEyAR37A4lq8GR0Ya1DafetfT36xbFark6pQadPgE4lxFqaOVQFpUKSbATf6YzKs8B7R+UXIM9+2Jspw4uKYMPpILDYG+8emGGYqsXUIgQCZsLdJPrgpRqiahHaE5DOCdJENE+fXEGey/iHUH0kWv+I4xnYOoekWqGOVCJ3FydoIxYKXs/TLKapflJYIG3J/Nho6CdlozahSRUstUGpUqELe/SRP1k4NNYDXBMNHL1EW+uL7Q4PlwP8AQp/FQT8yCcbzHDqBHNRpj0AB+kHFPgpckdjuyi1K1K0cx20r0t1xJl6isTp5ARF4F4M2+OLTS4Fldlpabk2J3PU4Ab2TV2JDrpG0gkn1P8YaMZQdxeR3pRniXAHTr6gbiZIJB2Mj9NZPwGM8QMNLAwbg/kMTt2AZEAG5JwflPZIIWJqAIwuFBnaNz/GGyZSlTPKgJ/M1+urrtf8Abtj0PnjKFTWTzX4Eo6lwlgp+Z4O2kotNiwgkqCb3NoHltgGhw/MJqaplnak8A6gdQ89MY9ISpbfzxylVgfvtjicF0enC4opLUA9Pl32CuChgeuAMxS5ZamdSi3X4Y9KFSRe+IqmQpNJCKDvK8v1GEekmMsOyl+zns3VYLVL6FMnmm89l9MWulwCiPeLN6mBbyGN5vM6Qo923yjpiscd9sf6aesCfI4aMIroGy8jziHBssVIejIIg877fA4Cy3C8oiCmlIoo2h269bk444L7UJm0DBdLR8D8O2Oc6dJ1DbrH3th9qfRtq7DF4XlTBCtIHRpwpzPs3SUNUolg4vpPXvG18TUc1tfBuWqajE3kH9j+uFcIvFAlBFdejVI95ZBA1Tt5YXNlzrfxFkKZVt5tHpgxWJdyQQv8AHWMSvVpgFQWcAzYd/PHMn0iS3cACcPVjvBW0b+p9cDVkRLhWJBI0ja/U4bp4LBQbbj3rn/OA04aNRnUJ2DNuvqOuDRRQS5OWpqacpT5gwLidJA7iMS0alGjTmHIB8zGrtNj6DE9HhopXBJjcEz8/L1xo0qYBDhCvSJgH44Gex1KgWlXydRwyU4qTyyl4BjXq6Xw3p0tLctRWabqLiI87/I4WjLU3Ycq8ogHr3tg2m6o/KOYKYiOto/zhk75NHU3EGcpmmNKCXJLMd49PhhZTyjMJ1zPrhn/UzKAkKPeIEkkfhBxFqC2DOAPPCSl9EJzRNRzavTmmzM25Yx//ADgOnTqIp0hdLfmJAk7kT2x1wXh+lgwplVA/MtQN3IKmZPpibNe0K1ScqulXiFFWm6SR0VmgYOyzpcL5BOIU3NMeGaRIkl+URBt5z3why3GGVwtRfEYmB4StMn4RGLU3CQFHKC6mYUESeoA2I+eOUqqjkqiiqRGkCBHmAMHEcCuAn8YiWXVIMAHqd5GCsk2YZQ2hiCZgiD8MP1oUjpZf7TdQIIB32PScCtxEBvCdNKXkjef49MBbECOgpLADmkcadSspJBKkfCP+saPDGDjUmgxAvuPPDSpmE8MBbwZXxDcEbEEjBLIlYkhgXS+kH4fM4KUeB3oOgWjXHhjSNJUw/wC0HscZl8s1SdRKyQ0jc/Pp5YXZ6pm2bTSpKiKZ5oJPqMd8Kr5gPNQzqYggjlpgHoOpjzwfjVgcemWqhlVXRUa9RFKqx3K+fcTthnQqKqmo7Qo6k4SZeu9RyCQRIC+Qv9MV/wBp+KtWqGhTbTTpglmHYbn+MdEMIzVsux4xSqWRwe02xBXrkAG5H6Y8U4Vxhw5HiOQW3LG3bfF/yvGKiU0UtJJG38YLYVEt+Wqlzy4eU0CqAOmE3Ds6ukMVE+Vp84wwOZ1Cdh+mMBnVapf9sQAzjZX7ON6x6jDCkiIP0xjIBv1xCM0MabMA+k/rP8jGCSsvx/jHC1GUEYiSr0NpkY4aoD13H8HGAA8SqCquljBFw2POPbPI1GQgTqXrYAjtJ2x6BmkIMg+owtzNPUCGFv37jAodM8k9muKvlqvMSBqAIM2M/UHHtIqrUTWt1Itjzb2o4CzAsLsOpP8AG+LN/wCn/EfEo+Ex5l6HysfnY/DGozGFQFTtbDDhdWai9pGOMzSx3w9AKi7b4wBe9FwoZEALTv8Avf8AbAPDqYWabgq9yfxLBO+Oq9UlvE5wyyArHdSbGBgmlkfEh9S7QSpIYdbg459t5Qai+TeY4fTleUEnZhAAjrjkIrAhS+oD3SCfiMHZXLqi6f7tS92PT0AwFxHiIp6ilJtIB1O0rt2UCSPjgXnCFpcIjNcPKVKmlzvuDfv0xznsxT5aVQGI5N+bpM+R798VXOcYroTVWmNZspCkqQeveB0kzOFvE85nK6hvEITZqfuhW2nuZxsvk2FyXKlkahWacgBr2nf/ABg6lrPVQwsSQNW3znHnPDWzVOqvhGqYjXpJIK9TE3ti9/0bBi6VBLRyk6dR6QxsCexxnGjLTi1ZLEEMwbVMFuwNojv54AqLVk6HUrJgx0n1xxV4g1NiHo6Ymbnt5jpibLcfp6F54sLFdsTpE5af2h1ToUi3KsOBCwSIO1rxhTxShXYEUqlOrMgiqJ8Mx0Iv88EcSyVWlBAWohIAYSCB5kCxxunwuoVctpvMEmWI76psPLFbvk6rIsnw7MGkqvWOpYB0gbeRN4xKaFZNV0efdZ5Bj1XpjK9EU0ZkCSBJIY2FptjMjxEPLKVAX3gOq+uFxwxWtywDPlnNqhULcEqdrbiemJkoKsLLMQLEmQT5eeGmfUMq6QGVzJIggQLqO0/viClTAUaQNOmSDJPlGM4roRxrCBjWpsCrEny1CQO0Ab+uOKdULUpvRnkBJBF2Bm3qO+GeWoUqmmOUwdQCi5A31ftiOlR8MDw00FiRpAEx1kk7YbCDvksNkteupfxEBGoSbEEGIJOB3z2p1TUNWkgtG5F588dMzXQaW6gaoi+1sR16FN4NQaCLyGk79+2Epu9oje54GeWTw0qOX6EzEQYgYrf/AIhzw3N5pRNR1coOpQWMf8ZOG3HCRQSmkhqrBQOsG0/Izi1Uqa06S0xso046YqopMa7PmbLOQ0749I9lMrUq6HaYGw6Ad/M4W8c9nKaZt0pDkcgqoHu6t1HkOnlA6Y9C4Bw5aVNVAAgCT3PzwQoPp0j22GD6L6RfELQAY+/THKvPmTtuP+jggeQsvacR1aoj7++mBMxVi3l9dsBvmjN9t79cYyQfr+tzjdFunwn98LP6kfX+PrviVM51m2/y6T9cYNBjuZPx/X9b4i/qZ39PT7/bAmYzYElTO9u8W+uIKFcEdYmw7+c4xqDMw21/vfAzuPxD4/8AWN1Z07CTf4bR6YFLEd7ffXGAQ57LqynzHXFH4bmGymdvZXsbnvZhPabjF+Vpnpir+1/ChUTWohlNz5T9MBYCy+GGXUOoBxCjhNTNsqsT8sJvZji6PNOCCtubuLb7QYkYe5+lyMQQCYEnbfGvsH9CennuF1GKLUqrUvYrUYwBvtAGAMznsiGCLmajsWWP7ZEH1tg2nQP9wf0iaWjWwqiW9R28sBj2epXbwAt9td7z2PTEmn0GqGGeygFNSmaqwdvCMG++oG+BKWQew1O6Hcu5sN9XmfLEOQQ0geVZImCxMDaxJwyy9J6ik0lu4vufiB0tibaj7Mi3b4E5y7tUMK5ppsoi4369cC5igtNWNPK3Ki7uSxJO5Hur1xbXyFZRY8xiSVsTEQLzgPivDppnVrDECSp2g3hf3wE4y7Oh+lMpPBEc1Hp+EyK40Fj+D8rD/bP0OLXkcsdHhVFAYe9o6HqRjjKcPSTB1RtLNJB3mT3+WGuTzAElm92w93mPrvIGKt2RjJJ0I6mQhSpql6ZvJBJA69LYIpcGowJknuTvjvi701CMXK81r2+OEr5Oqx1LUUg7crfzgKCZXBbshVC0wrVGY6bhmBHw8sRtxNCYnTYbLMyLGO+F+Qo+IhqLVRiJlTIgT6R54ynl2GxhR1MAEG86omPLHPuldIipyckpcAOZzVMSkAOx0yZAHmQREYU5jK6KgDMyKBHiU1s0n3iJkjFpFMF0HiBhILCfw9dxcHEnFcxkSVWlQHiF9M6GgCDO198Mmv5cls89C7KUadOizCorArLAMZZovy9xfBGXql2CLZABcdVjtiPO8KJUinY73Egn44WZjhzOlEOlTUn9upoJBjVYiD2xRZNupYHeUqQrkeIzE6SCpEAdVteT17YHR6hdpZgOiGDYde4PocLeIcYqZXUlLLlkTYs5J0k2m06vXE2S442oOKdRQy83iKOUnsQYIwJLbkTh7mrGuXrQNeldNwWkyfICI+M4J4T7OCpUFapUbQp1eEPdPUAt188LKGcaohD6SF5dIBmNhJnri75bKaaS0xy8t9Pc74rpNSygKW7KFdBDWzTVSP7dGVTsXO5HoP1wwevjTMtOnpUQB9zhQM5zYox0jjM5FTU8RtxGn1jDHLCYPb0xlZJQOPL646pmMEJNUa2IEPXa1sZUxy7SpvH38MEU4qOt7gfMfrgHP1QRbsY++2Is0k/inpgHVpbmBYT8sBjJGJmbx8fvz2xJTr2v2/nEOYKk8osfP7O+BnqxO387fxjBGNWrf9bbwY+sD545p5kL1mOvc7n9zhcKs+Y+Pl9cS0V5oNxJkj78/pjGHNPUd4Gxv/nt5Y5eg3RvQ7YFqZpo0rAn7gf57Yjy+ZqBjq2tcgDy23weRA5Udd/s4izdMOpU+ffE39UNiYt1jHKAG4674UYU5PgdOmadU1CgbUXJY2aC0WsFPn1xYVrCrRanUF2Vgp3BIuPjMYEeI8Jd7MRv0Ik+s7YwUVpoqvUMACxIEsbnffEt9JmpuqK61HMUixAKrpGu4kiYjzPphhlaJYSRMzpU0gYiJk6xfrfE3C3R3I8XQQTIJBmOoHQfpiOiGUvFT3mkrGqfT1HWcRjccoOrJyjxkGq+IzeGX0U1myUwpZvymJkT54lFPPI/iqNKxBQLYiOvx64O8eoFLIFUDdyQfiAAIGE1XjubDMoioAASSCNze4O4F8M6lyhNjUd0hi/Fa2lgzRLQCpAgdjJmcCUkZSX1gxeJPzxUOOcNzDv4qjxCxBZVldM7GJiDhnwd3pEJWW0lSN47icL8caTQm1T7LBlswalN6gZdamG7DUSR8OmIxXZgiG4UGYIG998EAU6JJp09SODMRF7i0byJ8sCvQLSlM1FDbll6zYAzf1xSq7MtFhlBqWl5JkLfVYASNvngarm8yCfDClPw3It/9cEVMlSSmPEqECFDvpsSswSBsJ+ZxqlkMrUAdamcAa45G/cYKKKNckebovTWKepVkk9LTvgJOKqn9uo8aiTLEuVkdQbhZxLluF1IY1KxBF2AJaAOkm3ywJmKdOvUFM1GfSJIDBT05WtIk9Mc6i6+iDhuWENqJYEMHFUAEaUC37ec7iMH0qq1JYBpFjIII8if3xWMvwlFkNUq0nDcsSwUR2IiZwXlcpmlWUqPVSYgMhjzgkEDBcLOjTm4KmhslVlJhif9pn6dMRtmjT0wCRJ1jUdRnqGJER2GNZPO1kXQ9FzMj3SY+UjHFJi7GSAOzIwYH/kP2wUpRGnqabWSDiPEqfh6dJpVSRpdjJAB/EZMgjocaNdahUPWC7QF06Wi9zuvaJvgvN6gjclFqcbMYJgWM2vM2GFuX4clTnlQu4VX97yIIkfPBbbfJPfBLDY54fw+nUrKVGiG1aUJKabbz5i3bFtqVSovtis+yWWZXdmLHSNCgkEBS2oCR13w44pmYBx0aKqIsafqA8WzsKSIxR8xxoByQ18d8a4/okESD1BxUAf6isiopOp1BgHYsBJjYeeKMdOj3LxAtJQ3Xw0HcsYt+/oCemMpmN8Js/xAKKtdlY0Mp4iBliGraVDddQhW8IEdalTooOG2VqB6aPEa0VvmoMfXBrAt5OyoPM1h8vngHP5/ovp/jE1V9zIUfzfr1wp4jmMun+pV0k7F536Ra59MFIa0QqjObPYbgA/vgeq8kqTJnfHNar4ZkMGVhIYEEfPAS5jVJ9cCUQphaP23jbrtOBMy/wB/d8dEEdd8CZmp9/ScIEnouDcnBNOtzH0v6n98Kss58sFHUII6xbDGN5nOFDv1+wMQpxylSBqVLidKKIk9CfTzxxn6RI3xWeLoHdqYMFdIAPURNifM3Hph4rIk3guGX9p6NTppuAAQTc2AlZB7TH64d8NzKttEGCCDY+Y8sefcIyoUpTXmaQzH8qgzftJxd+FEAgdgAB5DGmkhY21kO4pxFaJDFV6HoJgxfqYkHBecqUq1J6ZEkCNphuhv53nC7iKCoApXVpcdJsQT8pAxpVYE3DFQoIBiTNjvtsMcmoqboeLsUJw+oXNREVg1NBGqOYWNv844bhFWm+ouwO6gCQTHuAHl/nDrL6lspAFzBGphvYdI7YHHiVNal+WOUEG7du0jEk6F3LbXZvhlOjVlnNXlj+2YVdQjoPPucTPk6dSoxenUjXJBAAJjppFx8cEohVV8XwwRpUIBF+8d5O+Ak8R6jmpU0ouoU1BKqTFp/k2nFLDudZJ3ztHLo39rwkPKS8qCfXr5Xwvp1cvUBIekQeuqT/O+FbcMyZdEqOxRWAY1DUOm97mVg98XKp7KcPRA6UElYuNz573wkmrptllNRpUhNw3NF9Q8Nl0nSNQif91jtgmhkahaajHUNtJhd943n1xPxCjTClk1KFAAQC7OTAAvcYieuzzTNMyLQrxJ6iY2wri7TiFzd0Ftm6YQh2V26hdjHcC8+WOTqNw2mbxpFvpiuLwarQMpTFUzLEsIA/KgMSR+Y/XDH+pzAt4VS35dEfC+KKMvsTc30ZwzOO1sxTSkTOldWsn1AGG54bTrAnUhMRKxI6euK7luDla3iKySygk6ZJB2OrV+2JqznLmVY+IVO8X7naIkjcYFxToZSbVhzcKMLTqI1SmGtUWo2pOxiZIHbEKU1FR6erU15Vh3AIZWjYgb3+mJ+Fcd8SVIQVBEgbMSJ5TJvHScMkcP0lh0aLb/AHOD1gV5WBXlskvNOpGj8RB67hhjDWZUZtbchAve0bgHcYR5k5moaiqSgRubYiDO7Hc9hiPKZeoiqXZXRSzTIIACyNQU7T0xKcJ3aOOcG3aJsxXpVHAqVAXFwHlYBvCyIjEy0FU0jTVkqAgKxGpWB3nzjrgXKIajgujnWJ66dXWLW/xi5ey3AfDc1qsFV/0lk2PcjaQOuNGDlJI1TeOhvwvJ+DS25nOpyTfV2+A6YrvtBmYG/wBxh5nM7fe1xAxUeN13Cll5l7MDPwPbHesKkdFdlJz2XqVqgSnTaoxIAUDqWCi/S5GLj7O8Z/oPEo5WjRr06fLXrM+hqtbqlMwdSiQirFz1E4V1NVHLPmKcrVrVFyyNf+yrUvEeoAN6hQ6QdxzRvjjg2URK1Om9KachVWoFEAiNUHmLEm8Y2asVyV0O/b3MZBqdRHpVctnTpJp6gCSZh30M1OoABa5YAjbFn4HSjKZdTNqNKZBBtSQXHQ9xis8V9kaAqiqalZ2idNSoWE6YB1NzHTbcnYYs2QzE01HUKFO3YHoPOfjinQKoTe0NKo6utN2Ru6+8yjcKekjtfa+KGtaon9taaEVIHikS9zB5jJMiR3GPSs61z0IuPL9z8MJ6vCqFRiWWqjSb0zAJ6mCCAfSMNCSiaUdyFnDTTFJQtw1Sqo/4lQTB/wBxIwZQyoH4ZnDTK8CytJAB4lgRzETckkjpMmcY+WBMrPYx18z540mmUSqKFlSh3thfmk7YfvRkz0Ft/rfAlXLyRt9nEGMhTl6I1ExYWwwXL6gLef0/XE1PJ/Z+F/vtg+lQv9Ph9nBMKKmTMAXM+e2NDg+Wcs1SnraTIb3QdrfLFhFMTNuxk9+nyvbCriGUIJdJHf1wyYEBjK06a6UVUTfSqxfuY3xrJ1ea0eXl6YF1s7ReBvP3+mCMlT0bSL4VsDQ0rIxWQTEEsO5MQT6fviFczUlRo5SQLGN7T+nXHFHONpYOhXUSASRsB16BcCZeNXiNVV0BLRDGAOoJAHc2xxztuxZ1wgziFd1EGXExpnm3AgEefXHHBXSKgpsWM8yEkshkdGuRHXElSlSZKbMHUshdWUC3+8gkgXvfCVOH1KdcVUqSkQ0KC8kRzaZA6HApRt2JFxXsPctxGoxZnphVJhQDJAmL2wwOV1XVyu3u6TPqCDgBKgddUG4/ENJE9weuOaFMXL3IMoAzDYe7Y3nG3W8FIxV4yNXpoFYNBBF9UdMAUHhSKIlY5h0IHW+1hvjqunjRFQaNiGBUz09V6Yhy+WZ4/uJTdWIADAFgNjzWI9cMqYyimdNVBPMrhQJ6db+sjA4rEn+3UEyNIYxIkWIg4ncpUYpymrPMqypiSJ0sYF+ot2xEadIoynTrnTCyxnYQQLeuFbawibk1iznNcQrIfdLjpp0EbbkCDE2wv/8AedYWOSQx1FTfE+fyictNnqho3RmUW3Ji3pgNvZOubrmHINxKUv3OGjTQ8NSTWKGrZtNVLxGKs1MmNQFrW3m9z/xxXjw+pnqjOjryyF5wQADYae53k4YZjP5PW9U5cVHEhWieb9PhhYntE6nwRSKKAG5QogNsSfP54ZaSTu8hco+oVxL2eNJEL0KlVgRBVxoUzOoqkekYf5J6tR5ZAsEX1AaAo3sCYI6Nim5gZpmLBjVpsTCrUKsvqY6YNy9NqR8TxPAbYMwZtzAAb3Wn1thnEmopPBYOK8XpTpqUjAYBHqGFc7Sq3qFegtfHFeg3JWVhSpi3LTcKwPQzZewJAGNZGs6mmr5mpWZpmmUUtBUxB0jSZgwZ84xbsl7OVVaWrOwchlpOQVpiJIIA5r98GMWMlFCvg+ULcyvqH4naBHdBA72w0z/E4WPdCiAvS3Y4J4nkXDKivqJ/DHTqfIDFW427UmFNoBaAPjb/ABh4wUEO3dIDzXESzWse/lhZx3PHw2Qk3ESDvIi2IM6GRCR71wU/ED28/TAD5VlValTmBA0J3YsVC+uoenXG3pGrJYPZNs05qLVRPAIRlXTOmohAR1jZ9OqTGwXDqrkZ2tFx1gi89R84xrhOTNKmF1Bm3dhF2KgGAbwALW798FVXZDc2MG52XyYXuP2x6/j6e2FPs+P8/wApz8huDwsIT8U4pVpgmqNSqPeFmj0iCcEZTjSrmVybGGWkrtO4rVWao1InrpplF/4Rhb7V1mdlp02KMoFVmEcpEFdupMdOmK7wLhxLliSW1EliZJbfUT1JPXHN5OxSSiq+z3P06WpPSUtR/wCHoudBIkX/AM4ETiWjlaBE/wCNsTZasxS/vD3vPzxzmMuriABtv6+fQY5z0UaXMeIRG/8A1hstIKuncnf13wJw3JpTOrckzPfyA6DDNhJHrgMLYtrUfvfEVPLX29T/ADhlWAG/3/jA8jChQN4fQ4Jy9P4bwBiNSNUHBNKmSCRfGM2R1Nv8/tOAKt5/f9fPBfiXIM/friHMCDtt9/PGYpXc1l9JBFu4HTzHljdFOed7Tt9cGZxIa55T3x1wjLy7KwtdfgRGFC+BFnKhplg+pQQQnMIaGVtQkzO89L4zMU/7asxAU2Ov5x2M9saqToK1RzUmZTIvpBI+sThfQ4h41N0KwjAgSbgA+8B+YdxG8Y5rJqRHneMUkAWoGbT7qiYPUEkn47YjX2krNGiioBIltV/M9JOD8/7OiswqK9iFIAH+0AgT5g4Iy+QppoTSI2JPS3+MbbGvsf4E1bN5utSrzRLujrJ1IzC8AwYO/ke2LHwDJaKSiu/ix7pJglYsGi7etumFlThLGnqFTwjur8pBnuDuPTAmS4vVCslRUDqIV1lg56HTYgeWNGoqgxShguNZKZgqmgDaCfs4XO4EyQ0Ey0WHr2+OEGZ9oHGosrRHuyIDAACARMGCd+uGSU6jqqrVKsRzJBi4k7NEDuR3xOf7vUEtR/xMepRq+LRvqYLzLqWY5tOq0yOoMXwLw/hNOk/iUzUlQeQuWVmPKBB2uemGZyaadJKhhA7gxuYO2NJQoqwUOQ2wOm8wTt1+GA1NKor/AKSnICTJM12qOpJBadMnygW6TjP/AClFeVnaRbb5dO2GWczFOmg8V1JayhiAWb8onqR54U+KrcwoZgA7Rpj4cmGVpZJ3+By/CKB/1EjrqmATa/rtgd8rkEaahpuzCeYhzaAIAvawGE2Ty3i0xyVKzxD1KlQmGjzJEdYAxuhw9KSvURX1izhEDMSNhYSSfLDKd8HRGak7UfyPMxxLL09IpUNbuNSqtIK0XB96OabaZm+NZ3jNBkNR0ACgHUzMCCVNgq+63TpfCPhlVyPEIp6Qx/t1EZCB0WGJM2nUMO8rVFWo+qmk7ggEFliIcEkn79cFyf0UtVYl4Tx//wDJWqMvpRA6kqCSBpMGdh5xO+L9k+LhCGLKVNPW5GwMEwJ6C3rivVEakU8NVWkDLIRc2IBUkgLE9j8cVrP+LTqL4h1IZnSG5hczbaZ7eWK6erXKBcZcHpVDjlMU/GY89SSoP4ac2377n18sVjPKuYcVmPIhkDuwuD6C3zGKqc7VqONCPUAAXTpcgKLhSItJv5/HDHMPWp5YGquk1HZiIuEUiPPUxC2P5PPDS1Y0xdyWSL2gzFJnpo6F3POCDElbEkdZE/HDDg5D1NRjSFLBRAj3I1A7GTAv0OFFXJMWLu1NdQPXa1gWU2j8u3ngk8VGVVB4YJdUNU7AEgaUBA94gFiLWjuML40Pl1k6wsnF5erNabUOXwWmg7AHf8RjuTt8Phvgeqy6XU+6PxbEgQWkwLbxOBMjx+jUEBiu9mFreYlcD+0ebikRTuXhbdFJEmelutsfQ7kk5HysNDUeooyTts6GTmg1ZwAa58S3RLhF/wDrfb8WFWSo6DKnre/Y4uPFKYWmq9lCx6ACMVtqF7Wx5E5bpNn2mlBQgoroa8PzymJsdiD5/rg86VMnbFRd2UydxsRv8cO+C5jxdVMkzEj76YUehlkq/iMN4HQfQYdMY8uvlb9MA5DK+ErbE7zN/TA1XNMwO6kef19MA1WR57NkmFPr/OI8tUhSTviKtmgB7vaTGFwzeswjA3+WNQyGFatJscSU8/oMzOFdbKsAW8u+ImowAZj1O+DQ20sGZzgZZiT5b4jVDHMIHS/64qtTiLU2A94MRHlFzM+WHVDOs6ibSfO3lgCNUH1cuGEETHrviOlT0gHucSUK8yTItF4+fzxHMypmx8v2wKAJvaHhxFdcyjwKiaCDMSNwfgZwpfhwJ1LpJIKtvcG30GLdxaizZaoFEso1qO+m5W/Uib486T2kp2PMD6fwcRlBWZRTLbwnhjhKdOm9OFYkgsxlW6Cbgdu2Ds/7MgjUFpoRGkkx8JW8zip5b2kppc1B6XMfIThpS4yK4/1NUbQf1G84Wl2NlKiJXYsFrHS0MJDFhY+8trGL3GIsvTCLK1aoZ2WGZ2lietuU27DcYlzXGKlJR/bWogJ95Q0SNz1jynEZr0qqim1PwnQkKEQ8pBgjQJ2YbXFsJsXQm1tnPE2OqorNLlhFuogi9xMdMM0rrTBSnzQW1Nq5iYJvPQH9MC0skUqVKlQ6yisWC9DEAaTMEkqtu+Mq0kqLOoAvMCJuQZUwd5i/kcBQrgKjtDqmabla5RjAFuY6ZgEdztPbHWWqu6nSNLMSJMdDvbsPqMQUssQpqVGICgNGqB+UGOltpvceWAc5mHELTRdGmRAJfbdZXSADHr36YLj9EZK8JDTPKviKalOdPPTqwSomQb7AjzA+mGP/AI6nV55Rptq176eWfpiscJzeYpsQDeDyvvNrALbUQSQDBaIGJszxhNRmlRO12oVJNhvy74VwbeQOP9EOZU00FVKjanbSE0wsqSJB1X3iI64My3F2TUSFBCqBGq7AzpgXNrasaWfECFgyoJUqQVhobVO0Hed9hgHKZ0VKhLV1IB5SJYmI6AyI7fTEo3ToSMpN1EfZDjFVgS1IMoXU5UyYJ7Ejqdj5Y3X9p1JVEpvMxqZQp2soUMS2BMn/AENOr4pqMtQkwVNYg2NtGmLj8JxLmzQLq61auoPEaDKqyswYaxdgwAj4Y6OjrvGeSVM+8iRqEf6toV9tOmNU9OaBiVeJ6B7kAHSWSGAm/MoErJ8iOoJwor5qmqt4S1atR6QmqxA5S8BmIEQbiBvIxJWZDJaoaY0BiNJjUN1OmLEx5yemEljgXc16mf8AkKtNdLACrVqOzlWBN3ADAi0eHtNxAtgfN8WL1aivTDBJSmoIgAcpI7X2NzEYmyWXIU5lgBT0BlgzcsoC+8T1JIN4OIM0lJlAKCm0Fg1xv1lrj4yMIpS7RNzeLAMjSlpYgUkBeoOpAEaR5sxC/HEiZ2kzFKzj+5Uc1CJGlYuNQHVwqCPwINpw2ocGZsrDPpd3V9QCkaV9xWm0Tz77kdsIs77OVk/AHE+9TMEiOiNaLTyzj2/E0ZaemsZZ5T19PUm47qrBBxfL0aeipSaFYMQATJVSAreWrqDc3Ntsc0HdTQpkvZlUKLyWbUwi1h+2BsplxqOoEaCrOGQggxyrG5Oolv8AiO+LHwehRqZikwR11VA8Ot0amNZibhCFIta8HCeTqKtv2d3jaV5buvsvnFaQIM2v8TipZlkBiW+f2MP89mjUUsBC3Cz1Hf49u0eeK3mkM3GOeztiCVqpOxPocd8D4klOurOIFwTHfvgeshawse9/2vGAeIZerTAmCD8j8f2OCZnq71JQhOoBsOmEtWoLzvMSfPCL2W9ogyijUaSLJtzBdwPTz3w8zLg/WO1p+WDRkCO9j36RhXnqq0gtTqRePXy64OzTeWwG3n1wmz41giYIwBokP/uKpUVv7bKB+I7H98Ls1x6poGhNRH3JxrPZ2sy6SIGxjywJkqbwCtxHwvjNj0xnkBUYrrFzBg2vM9DMfLFmDkAXt1+OEvDE0yztLHfcgff8YZmsEP5jeAIPUX9ZwUiUg+i7bkhRHui9+/pgd82WqHSRvOAsxxAryk85kCI5RG5H1jEmQp9/n/nCSZkWrJOxHMB6j9D5Y8c9quBtQzdSmq8hOtJ6K1/kDI+GPYcg5AIPxH7jFP8A/UygZoVAY1a6ZPw1C/zwHwBLJ5rVCpbVqby2Hx6nGqNVgQVJDWiN/hGJKuTC7nSYkTcN5A4sXsKtJalSrUQNoC6S08hOo67GPwxJ79MZtVZraYxp8LztSkUq01lgIuNY9UG/zBwZlco/i08y6kPpajWmf9akVGu//wCynpb/AOQfDjJ5ptUHrfebEzHwE2wzSqhY0mAK1VFxY6wJUz8x8cQU08IHyJyopXtpQZTTzVB2UsRTqqp3ZRKMR1lRF/yjBXs3WdyatRZFOF0hYapUIsJAtAuT0thpW4emrw4aPfCsZgxHMVEAxbST12wcuRpmmil9IC7Absx5gQCLWC+ijvgufRpW8RQhzGVzNVecU0Ez4eogCJAPLqDR5x8MSUEqUhCUw2mWHMtmM2uJK+Q+mJDwhCx1HQs9JJPqdhf1wSiURTYrICkoCWO4sDf9AL4lKTTtC7JrLoEyOaFMHWBTaIKgWBJXcxYkDfzGDP8Ayy+fyP8AOFWfVQ0GJNgw+YmMDrUEXIB2PXa2JJ7m2zklbYbnlpOvhKxRTpEiRIBA0km8aREjv1k4HzPD6GiWRqyKtmYt/bAIhZVQx69ScYadNSAaisx2BZJntGq31xHnc2KcINZZxygCZsCDp1KIuLEg32i+K6aksDQ3NVQHT43WUhaK0xTWTpioxaRtqe4HxGCuC8RbM1jTKgSDyqZGoEPv6KcF0eG5ojnytVVIgmUuJJ1csxYgQBsNycQrmqVPkSmEOkxZiYZYJBMWKnpvOKSaLW0qoAzNZm1tThRbwokaaYIhSOxQA32JOGPEM29Sp4nh8vLyiwBCqCT8bx88apIztGhogsogAaohdRA7mLTAwRlajatKsKYsHIJKrN/eIAYgX2GIu5Gg5SVdB1OoDl1lhSquxqt4TadRYbNAhitPSpBtqY2tiHL0TUraHpFUAJM6dLCR0W19MbdZwQc1S0alfWBzre2kGNRYRYkGRBjbphlkUimp06SwBIkmOwk+vbrjt8Xx3qai3cLJx+frfDpN9vCCyZP7+U/T0nGmNvXfz/Y/I41MfD7/AG8sQ5qtpUm3xtJP354+gdI+TinKVIScbYFb6eVlK6wSAV3IAv1UDaIOO+A1xUr+HqfQULhCxNgVEme5O3UC9sVzM8TerULoCyIrU6aAAl1Ju5ERLNzSfLscS+xmdb+q11FCtUVqaiCC0DX1NlAWPMn1x4GrP5dVy6PtvE01p6Sgvz/p6Jm72jbCypl5Jw6ppquRb7nAeZoWI72t9fpbBZ0oqudQoZ6fxhNxOqTtMR9/HFxzOUDCCOpP74Ttw8AMpFj+/TBRpI84q1v7hM6SAACOhj/vF/4fx10oI9cM4KKxMXYuxAgDe0X8j2xQOL5QpWZN5II+OH+aygzThqVWmj7LQLMjKRK6KZI0sGN1vbVHTAeBEWmvnKbCQxgjz8+1gcLFbVDDW6kmCAx2sR9+WJsnQXJr4VQCrX1K1RZKoh94rb/UIFyVIBuL3w/9mfaPKsumoZYsbqARzEkiN9ydrYVStl4quSv18tU0O607ouqGtygwTYHYXviXgvC6lSmFQwQLq24PUH54vrV6RIZGUkTKdSuxUjfmXp54S8Gyy0WqGdKq7hVYiVUEwpItAFsPauiijZWuJcNrUl1sogQPme2IXruiyYDbhR06ycFe2HtUvu0+bT7vYG/MfIdBisf1TGmi3mAXJ3JN4wLVkdTmkNuFpJJJmbyTvAN8WvK0TaPuwxU+DmB6fW+Lfw2pPT0+/rhexehtlPd7/e2K3/6gr4lGlTF3aqoS4HMQwG9vmcNOLcWSgqzEm5Bjb59T+hxXcz7ReIwZqYUBW0mAem/NIjvab74EpJAXORTwfhzsXpVKetYJZ1IKBV3fX0j6+ZxvL5XwqhmpSCOrIVDFTpMBTDhbgwbSRiyZPMLlqYREpeJVQVGiEldMpq06gxOqQp87Wwt43SautK5Z1J8RU5WeRHKxtaNjbm2xFyXYznHtmkSooUyHQ7lGmZ6DSTBw0rZrw6gmVeobd0QWYKdpJ6jYDzwTwvhuXRSzrKUwxepUYs+k/gJDBGYmxgQogAmZKduJZWwVBBdiWRmZVLnmsTAnrpt5YntVftOeSi/XkYHP0BLV20Fz7ygkCoDpdTE/ivJ/ML46DUmWQzEKZDAEWMA9ZBsD8DhfmTS1FGpo2s6lqB1ZNcEDUGUMpMadt4wG7VKel0dWpt+CViO6EAD9cK3KsGepOAzzVekqkeJBbzm03+mAa/EaLlmp1FXSSGkEXHYEQDfcb4V5zhdOK7hYPhk+E2oaH1K+oAH3SoNtr23srFB0CeGNWrclTeYK2HkYPaMUjCMolPkU1+4Z5/iraSFFMqR6n1iRhplfDpoq1Kiq8SVvbVzRY+eF1XgARHNTTTYgE9dAM85GoztYeZJwsbgzLYHUOhHiXm/S3ywyhBIRxh0i35XMZGmOWnVckzLU01AwebUTE37YDq08t4gY6kVyGJqKp5gsEyGsPOANpjGYzEfklaPQejGjo8OcEmDEyknbciYJQ9iVjY4AoNUY0w7ltPIqmT1/DBMJv72n4WxmMw7V8nLLTVj6vRqDSy8rqsxcgGCAxU/iF/LbCjhNCrTNWlTcVXqBeRnpe8pkEa3UAc14BjtjMZikOBnFLgtGQ4UiUwlQgsuhvCJV/DaDqXV1RoDAxIINzg9mv++MxmPd8CC+Nnyf6vNy13F8I4Zr4XZrNNq5CJXv3Igwe+kz8R8N4zD+ZJx0nQv6Tpxn5CsrfFOE1lAegID+/ELLTYi3u/L4zgnK5HwA1R2qVKmkkwZY9YQHaOkf4xmMx4F5PrdijbRcvZzNCpTFybnfeOk9dsM8yoMY1jMW6AgBqY+X38rjC3iOXBH33xmMwFyMVDP8D8R1qqR4lOCVPuvBBA8pNvucJvZjLn+tplyA6OzOrSGUhWMjuAb2uPrjMZjanq/8Jv2R6N7Q+zJ/oiWfxXpD3iTzUwxZVlYnllQxvIHnjzLgqI9Usq1AEuNiLbBoAA7b3v3xmMwkfVjOTwWn2ZdqVPNZus5qGkgFMXIU1CQHHXVaAOl74qlT2irO5D6nDNMNM7zPafUYzGY2nl5A5OkYul2EQRuwvItaQb3264NSjPTt9/LGYzFOArPI24fTgj7nFmyBIMdt/wCcZjMZcmYi9pdLFiW0VNVNQepVVaw+JN/5wnqUpqLLBFCiHa4jewEGTuZgY3jMI/YVDWrkqcF6FQFtIJJqIo5Vk7yCP/gTAwZl68GplUJ8dgKYbbU5g6SZhUmBp3JBkiwxmMwjirBKKtAnG6XjBsvrZKdIqiNeKmnepUWbq7lyrDYabWxU8nQfLV9FRSQSAOxkgAz29PLpjWMwy7Q+1YLDw1Gq5g0gT4ZLh3Kyq6aZIYEgcwZRAkyT6RIzVTUXog5nNSCYClihUqAbWkFhOxjGYzAlFE5HWQzIVtVMa5ABDHst1Em7Db8u+Gbe0SxpFI0z1VgCQvkogH1BxmMxNaaZztZYLnnqhhUFXVS0lkIBAMjqNtpG0gxhDV43myT4YUp+EwtxjMZh4Qi2wo//2Q=='),
(11,'data:image/png;base64,/9j/4AAQSkZJRgABAQAAAQABAAD/2wCEAAoHCBISEhISEhISEhISGRkYGBgYGB8lJR8ZJSEnJyUhJCQpJS4zKSw4LSQkNEY0OD0xQzVDKDFITkhATTxCQzEBDAwMEA8QGhISHjQkISE0NDQ0NDQ0MTQxNDQ0MTQxNDQ0NDQ0NDExMTQxND80MTE0NDExNDE0NDQ0NDQxMTQxP//AABEIAJkBQAMBIgACEQEDEQH/xAAbAAABBQEBAAAAAAAAAAAAAAAAAQIDBQYEB//EADUQAAEDAQUGAwgCAwEBAAAAAAEAAgMRBAUhMVESQWFxgZEGodETIjJCUrHB8GLhIzNy8UP/xAAXAQEBAQEAAAAAAAAAAAAAAAAAAQID/8QAHREBAQEBAAMBAQEAAAAAAAAAAAERAhIhUTFBA//aAAwDAQACEQMRAD8A9mQhCAQhCAQhNJA4IHIXNJbY25vHTH7LndejdzXnsEFihUzr1ccmhvPFQPtshzeRyFPspovlBJa2Nze37/ZULn7WZJ5kpuBqMqJqrl95xjIOd09VA+9XfKwDmVW0HHzRQKaOt94yne1vIeqhdaJDm9560+yjwyQqGvDjvrzr6pWl4ycRyJCBRDyBTfosiZlrlHzn7rpjvR4+JodywXA3IVNUuH6VoXMd5MOYc1dUc7HfC4Hqs66lMd6QDVTTGoQs2y0vb8L3cq1HYrsjvNw+IAgb8ldRboXBHebDmHDpguuOdjvhcD1VEqEIQCEIQCEIQCEIQCEIQCEIQCEIQCjkka0VcQBxVXa7zcHuja0NLfmdv5BV79pxq4knUoLeS9WD4Q53IU+653Xq4/CwDmaqvokDq14blFTut0jq1eR/zgoXvJzqeZKNrh5oDuBQNHUdkVINKmhHmleaU3D8pQdAgSnXqlB4FFeHmlB4FAOdT8lJhniUMNc89/NLXh5oGuOGRTmnDj+UA80j3U4NpmsgBBz3fdLXmiiSvAoFqE1zhkcBXunB3NNBrnmN3oilrz7Ir+0S15oBQDiMKCv4TWgc05zsqd01pG5ApI/QnNISV5pWkIGNIzyGifgowNxwocFICglitDm/C9w4V/BXW28nNoHbLq9FwbSdtChOdNyai0bebK0LXDjmullpY7JwWdYBnXA5BOPTsrpjToWcjkc3JxHIkLpdb3tbXaBO6o9E0xdIVXHeZ+Zo6H1U7bwYc9ocx6K7EdqFFHO13wuBUqoEIQgEIQg8bvS+5m220PDiR7Rzdk5bLTQCm7AK9urxHHLRryWP+lx+xyKkva6I53PLhsvqaPGee/VZi3XBNFU09owfMz8jMLPuNeq9CYQ74SE4RLzewXvLDg1xc0fK78HMLUWDxTG6gkBZzxHceibC81fltE1zqUyx36JYJo5AC0jHKm/lqnvhJ5K4hhA4lICND2TnADM0qmtcDljluQKCOPZN2saGorWg5J9cdkaVrwRsgbwgSvBJtcCnVGoRTkgaQNPJMjApjWopUaJzn5jKgBKGgZ4Y+aypcNClBH6ElRqE4BA1zsMMcR0GqG0zrUpS7ENGdKobHTfnjmga84HPsiOlFJTiEbKBr30pTDOpQ0DVK51CAMyK9EjI6BIFqEo6JKJQ1A17wfdGRAx9EoA1Cc4gAVFamgCZHHQYZVOASBapzUbCKIEmIJDaZY19EoCdQAEnIKKNmelTQcEEm0nNom0TXNwUBIBtUGBGY10TyBwRE2u7EKMN947J93870Dw0bl0Q2l7cnEjQ4qCiUNHEJqLIXk0U2gRXTFTNtkZyd3qFSyM2iDWhHmErjSmGB3/hXyMaEGqVUcMjmYioHD0XXY7Y5z3Mc3IVa4ZEaHirKYzrj7zuZ+6laoi9ri4scHDacKg7wSCFI0rQ5bbc8MuL2AO+puB/vqqG3+GZGAujPtG6ZO9Cta1SBSyUlsec2a1SwuOw5zCM2n8grR3d4nB92QFh1GI9R5q6tt3RzCkjATucMCORWbt/hmRlXRu9o3TJ3oVMsa2X9auC1RyAHaqMMQahTlmFQahebxvkjcdkuY4ZjLuFfXf4k2aCRp/6b+R6dk1LPjRvZWm6hqnURZbbHI2oII1H7h5Loc0bhVVHNRFBmcFK7kVBKKgZChB7KUNmj2wBkKgnU0+ykomskq0HAVQXnX7KB1EBqbtnh2RUnRFNeA4EDodE+mSY12yWtwIoelFJtlA0t4+QRscdNwTqnVKDyQIRSlaE7kjGkD9y0SuYSQcKgEIZISNwzHUJA6iKI2j+hLXkgUMryURrtEAkinnopTiCNcME3FrakVAz5aqBm2a0opB1SPxpgMOafXgFQhFRQ4gpHtLW1By8+CcDwSS1JBG4Up+VAgJSpagUqaVUgYNUDASN6RjKHDAHcptiiCFBAHgkggghSNaua122OPGR7WYbzj2zVRavFMYqI2PkOp90eeJ7JqzmtD5pkz2taS9zWt1caBYm1eIrQ/AOEY0aPyVWPfJI73nPkcdxJJ7LOr4thavFNnjqG7chGHuigrzKr7F4nlfaYCQIog8AsG8Ow9476Vr0VZZbgnkxLRG3V+HlmtBd9yRwkONZJG0IJyB1A9aptL4xkb4lmsdttGw4tBke4Dc5pNRhkc1eXT4mjkoyQezfqT7p5Hd1Wi8Q3KJalzA8HXPoVg7f4cfGSY8R9Jz6HIrrln4zsv63zSpAV5tYL4tFmOxU0GbH1oOW8dFrrq8RxTUa7/HIdzjgeR/BSUsxehOTAU6q0yhtdgjlFJGAncciORWZt/hyRlXRn2jdPmHr0WuBQFLNalseeRvfG73S5jxnmD1CuLH4ie2gkG0NW4eWX2WltNkjkFJGNdxIxHI5qitnhnMxPp/F/qPRZyxdl/VvY72jkHukE6bx0z7VXS/ZOJcAOOvFYS02KSE/5Gubo7d0IXTZL4kjpU+0A+rPv6q79PH41tHHJpphicqVx/KUxv3kdlXWK/o30FfZnR1B2OX2Vo20A0xLfMEKpZYZsGp03YJr6jZAwqaV6KZzSfmJGo/cFBJhmpYiQMpvojDUKCInZAPHtuTwVBKBxCUNUKUIpS8l5bkGgHmCpQwDQLnbQGp/vknQ1AI4kjkkE9BqEoHEJgS7KCQNTHmri05CmGtUrWp7WeSgQMS7CeA6ueBy5qUupmQghEaeGKK02tkYq4tYNXH7BUtq8SMBoxrpDrkPU9lLZFnNXz2AggqC0W2OMe+9rOJOfILKWm+p5KgO9mP4YGnPNVb6k4kucd5NSSs3pqctNa/E7G1EbHSGuZwHqqW13zPJgX7DTuZh55p1kuaeShDNhur8PLMq3s3hlgxkkL+DcB3zU21fUZQM6k4ak+qsbNcM8mOyI2ne/DDlmtjZrFHH/rja060x7nFTFXEvSgs3hmNuMj3SHQYD181awWWOMUjY1nIY9TmuglNKM6Y5MKcURsq5o1IHmg07mg5qvtl1skBwFVZIXdhh728Ohwo5ocBlqORWOt1wPjqWe8PpOf8Aa9mcwHMKvtl1Mk3CqlmrOrHk933zPZzs1LmjNj6mnLeFqru8SQy0a6sbzuccCeB9aLovXw8DXaYHDXeORWTtlwSMqYztj6cndsj0UyxrZXoAKWq87sF7T2c7IcS0ZsfWnTeOi1V3+IoZaBx9m87nHA8jl3SdJebF2EhKSqCtIHNBqCAQcwQqe23BFJUs/wAbuGXb0VvVJVQ1i7ZdM0VSW7TR8zcR13hQWa2yR/A8gaHEdit1VV9tuiKSp2dhx+ZuHcZFTPjU6+q6xX+KgPBYdRiO2YV1HaGvo7Bw3EH7HJZq03BKypYWyAbhgexVYyWSN2BdG4ZjEdwptn6ZK3uwDkUeyKzNlv8Ae3B7Q7iMD2yVpZr7if8ANs13OFPPJXYnjVj7Mo2CkZK1wrTDVuI60Tg1hyIPVMQynvmuVBThr+FO1g3kJvs/3ika3ZJrSh+6ip2sB3hP9mud9oa0VOA1cQB3Kr7R4hhbXZ2pCPpwHc+ilpObV1QBRzWpkYq4ho1Jp91kbVfU0hIaRG3RudP+j+KKvcSTUkk6k1+6x5NzlprV4hjHwbUh4YDucewVVaL3mfk4RjRmfc4rls1kkkNI2OdxAw75K6svhtxxkeG/xbie5T3V9Rn5CSS4kk4YuNT3K7bNdM0lC1hA+p2AWts13RR/BGKj5jie5XUVMS9M9ZfDTQaySFx0bgO5VxZ7DFH8EbQdaVPcqdFVcZt0hSEpU0lAFMKcmIApir7ffcEVQX7bh8rMT13Dqs7bvFEj8ImCManE+gU0krV2m0xxt2pHtY0byfsuS5L6ZPamRRNe4Dac5xwAAG4b8aLCUkmf88jzzJ/oLfeBrlMDpJJNnbc0NDRjsitcTqaDsrz7q2ZG1QhC7uYQhCBjmA5hV9supklcACrNCDE3pcVRR7Q8DI7xyKytsuF7amM7Y+k4O9CvXXNBzCrrZdTH1oACpZrU6seW2C9p7OdmpLRmx9cOW8LS2DxHDJRr6xPP1HAngfVdd53JUUkYJBuO8cistbLie2pjO2PpODh6qZYuytuHeaQlYCxXlNZzQOIAzY7Ltu6LSWDxDFJQP/xv45Hkd3VPJLzV0UlUgdUA5goqqhSVz2myxyCkjA7jvHI5qcoQZ21eHiKmJ9f4uz6HLuqaeF8Z2XtLToQt1VNlia8Fr2hw0IWcanTDMkc01a5zTwJCsbNe0zc3h4H1AH+1Y2nw8x1TG8sOhxHqFXm6J2H4NsatIP8AamVdldb79k+iPsR+VC++pjgCxo4NH3Khdd8xpSJ/ZdFnuOV3xbMY4mp7BZ9r6V0sjpDtPcXHHM17aIZGXGjQXE7gKrSWa4o2/GXSHTIdhiraGNjBRjWtGjRRTDWbslwyvoX0jH8s+yu7LckMebTI7V3ou5qeExm2nNAAwoANwFE6qalqqFKE1L+VAlUFISMzgBmTuVTbvEEEdaOMjtGY+eX3QxahQ2m1Rxjake1g/kVkbb4lmfURgRjhie5y6BUwEkrsNuRxzOJ7k5Ka1OfrVW7xVG2oja6Q6nAV+57LM26+JpfjkIaflbgPLPqu+z+H3UDpZBGDuGfc4dgVaWKwxx0EUe0763Vr3z7UVnNpvMZuy3RPJSjC0He/DyzPZWlnuOJv+yQyO+luAr09VpoLqkk+MkA7hgFb2S5mMpULpOJ/Wb0z1ksj6BscbY28B+ham7LOY20OZz5rqjha3IBSLUkjOlQhCqBCEIBCEIBCEIGOYDmFXWu6WPxAoVaIQYm9LjB+Nm1o4YEdVmLVcT21MZ9oNDgR6r1pzAcwq22XU1+LcDwUs1qdWPK7LbZYDRri2mbHZditBYvEUb6CRpjOoxHqFY3nc9cJGBwGThmOqzNrud7KmM7bdMiFnLF2Vr2PDgHNIcDkRknLA2e0yROqxzmEZj1BV/YfETTRsrdk/U3LqMwrKl5X6AmRyNeA5pDgd4OCkCqBOCaEqB7/AN7c0gQR+99Eg/fNYqngp7UxqcFFSBOCYETTMYNp7g1o3k0UEgKcVQWrxJGzCNrpDrkPPE9lSWu+55Kgv2G6Nw881LV8a11rvKKL/ZIAR8oxPYf0qK2eKHGoij2f5PxPYYdyVT2ewSyYtYaH5nYDuc1Yx3E1uMsnRuHmcewU91rJFRarbJIf8kjnaAnCvADBdNlueaSlW+zbq8HLg3PvRX1mgY3CGIA/UQa9zj5hWMF0ySfG400yHZan+f1m9T+KOC6bPHnWZ/HEdhh3JVpZ7JI6gY0Rt4Af+DoFoLLdTGbgu9sYGQC6TmRm9WqOzXEM3mp1KtobExmQC6kLTJoACchCAQhCAQhCAQhCAQhCAQhCAQhCAQhCCN8YdmFUW65w7FuB4K7QgwF43UDhIzHc5uaz1qul7Kub/kbwzHML1maBrxiAqW23Lm5mB4KWStTqx5vZrU+J1Y3Fp3jceYWgsPiFjqCVpYfqGI7ZjzU1vutpJ9ozZP1tH3G9UdquqSP3hSRv1N/IWbLGtlbKJ7XgOaQ5pyIOCkosBZrTJGdqN5aeGR5jIrRWHxADQSMIP1Ny7buieSXlfH97pAFxPvmACu2TwDTXPkFW2nxAco2AcXY+QwWLYSVot1f2i4LVfMMdfe23aMx88vNZa02uSTGSRzuBOHbJOs1hkkpstwPzHAf30U238a8frvtfiCR2EYEY1zPoOyqtqSV2b5HnmT/SuIrlYzGWSp+kYeWZ8la2aKg2YowBqRh2H5Sc2nlIo7PccjgC9zIx3Pp5lWdkskEVNkGV+tK+ZwHQK6huZzztSOqf3crWz3axm4LpOJGL1VEyzTSZARjhie5XdZrjAxdieKu2tAyCcts654bIxmQCnAonIQCEIQCEIQCEIQCEIQCEIQCEIQCEIQCEIQCEIQCEIQCEIQCEIQc89la8YgKktlyke9GaHgtGmuyQYC3XWxxPtGFjvrYPuFwNuN//AM3MkHA07grZ3pkVnR/sHNZvManVV4uG0HNrGjUu9FMy4QMZJmDgP79FaX3/AK4/+lWw5rM5mreriaCywsI2GGRw3kfk/gKyiss0n8AdM++afYdy0FlyWpzGb1XBZLka3F2JVrFA1uQClSrSBCEIBCEIBCEIBCEIBCEIBCEIBCEIP//Z')
